201,281,413,258,45,199.47,286.53,397.53,247.73,45
303,103,220,211,45,306.39,102.83,207.53,198.19,45
139,178,285,350,45,141.21,174.26,282.41,325.1,45
281,92,54,58,49,278.01,94.39,54.61,61.11,49
317,206,148,287,23,320.46,203.71,139.73,290.18,23
75,374,90,56,23,77.37,375.07,85.82,53.89,23
211,249,109,183,75,208.49,246.33,108.16,189.78,75
215,185,167,309,58,216,187.67,165.67,315.03,58
143,197,282,373,22,144.02,205.2,286.8,371.12,22
202,175,389,284,25,197.92,172.44,395.83,279.73,25
284,261,249,309,0,279.25,257.07,268.64,302.37,0
258,375,77,41,58,258.98,374.24,77.35,39.3,58
145,271,115,133,17,134.91,269.6,91.4,131.62,17
261,250,65,60,0,257.94,247.06,71.72,60.77,0
249,269,144,143,17,248.7,265.22,142.39,153.45,17
315,286,15,26,0,316.4,288.8,11.88,22.82,0
213,287,10,21,0,212.45,287.93,7.82,19.48,0
165,246,53,60,0,160.38,243.6,62.14,52.36,0
135,293,16,25,0,136.82,292.03,13.04,27.93,0
259,233,31,37,20,267.58,232.48,54.01,40.61,20
196,245,82,68,20,191.24,246.32,92.25,66.24,20
263,200,23,35,0,266.28,196.24,21.14,33.88,0
188,198,27,54,0,185.41,199.94,31.25,48.79,0
173,199,54,63,0,181.12,190.66,22.24,46.19,0
171,81,153,122,74,163.96,76.92,133.73,99,74
119,304,149,94,2,121.8,303.28,152.85,102.45,2
117,171,33,45,11,116.44,171.71,32.08,48.86,11
100,249,105,35,7,99.61,249.28,107.97,38.66,7
177,239,329,120,6,188.23,239.79,314.23,116.85,6
391,233,18,14,2,389.96,232.87,17.65,13.97,2
409,238,15,12,2,408.74,238.11,14.51,12.5,2
346,223,16,12,2,347.66,224.02,15.83,11.72,2
316,219,15,14,2,313.1,218.75,18.04,13.82,2
330,222,17,14,2,330.71,224.13,15.31,10.88,2
293,218,14,10,2,291.56,216.93,15.16,8.42,2
308,219,17,12,2,305.38,217.75,12.22,11.33,2
245,197,12,8,2,244.75,196.14,12.8,7.63,2
279,229,274,378,23,273.93,246.33,281.63,324.38,23
146,251,204,335,23,162.9,231.42,227.49,369.15,23
307,113,83,104,0,306.21,113.56,78.73,107.92,0
62,278,80,185,0,61.01,277.59,80.7,183.49,0
222,125,90,133,0,222.78,128.43,86.07,131.93,0
249,133,22,52,0,248.49,135.5,20.55,46.28,0
302,166,23,15,36,305.73,164.97,20.02,16.68,36
56,365,40,29,36,55.59,368.81,42.05,26.89,36
317,83,144,148,74,317.35,81.59,145.55,160.36,74
207,187,372,317,4,214.86,195.27,379.61,311.29,4
174,228,107,264,0,176.06,241.21,104.93,244.38,0
228,298,230,219,3,225.28,319.05,239.09,187.62,3
269,229,104,57,26,270.08,227.29,109.36,71.62,26
334,148,15,115,43,335.08,148.77,16.79,114.73,43
201,295,224,238,69,199.22,292.79,218.54,234.23,69
316,156,10,96,43,316.21,156.47,12.82,91.96,43
371,147,12,121,43,367.97,147.67,13.57,120.45,43
359,146,14,123,43,352.32,145.81,17.21,119.5,43
39,101,78,130,68,38.42,100.64,76.83,125.59,68
339,301,57,26,73,339.24,302.58,58.79,26.31,73
380,147,14,124,43,381.69,145.6,17.53,123.75,43
200,145,227,294,55,203.95,143.5,244.49,285.12,55
308,265,152,304,42,325.64,265.77,107.04,300.46,42
245,286,27,34,2,245.48,286.86,27.87,37.47,2
379,303,56,80,7,379.14,301.78,53.69,91.1,7
396,278,6,12,0,395.76,277.1,5.97,11.3,0
340,290,12,37,0,340.28,287.79,13.81,32.73,0
255,276,22,26,13,255.99,273.36,22.4,23.75,13
387,281,10,22,0,386.73,279.76,11.82,22.82,0
305,293,24,23,13,304.53,293.36,26.19,23.19,13
359,308,17,25,16,358.26,304.65,14.89,18.39,16
278,203,278,421,0,275.66,205.66,280.68,411.33,0
81,236,164,242,0,82.38,233.24,163.36,243.99,0
244,40,50,79,0,244.06,40.49,51.68,80.97,0
204,60,87,120,0,202.98,60.3,83.43,118.72,0
117,37,51,73,0,118.07,39.08,52.58,74.38,0
43,74,87,150,0,42.34,75.59,84.68,151.17,0
275,36,27,72,0,275.68,37.5,22.57,72.9,0
183,363,15,100,43,183.69,364.16,10.95,103.69,43
155,40,49,78,0,150.13,40.87,44.23,81.74,0
199,374,264,84,53,198.58,375.38,219.5,71.45,53
122,101,95,58,60,124.31,98.13,93.67,65.74,60
113,76,15,23,41,112.13,77.66,12.16,20.26,41
95,24,18,49,0,95.35,24.05,20.2,48.1,0
126,78,13,16,41,125.86,76.67,12.49,15.8,41
243,154,188,234,0,245.93,154.71,195.6,251.47,0
380,166,72,243,0,378.7,172,74.61,213.36,0
167,268,160,44,56,170.42,268.36,156.77,41.13,56
277,324,262,94,55,272.54,324.39,260.32,97.22,55
280,267,52,56,43,277.4,264.39,47.21,56.58,43
295,70,25,16,41,295.32,70.68,25.51,17.4,41
227,340,412,149,60,217.69,335.71,396.62,160.59,60
354,71,23,17,41,355.48,71.88,24.1,16.25,41
356,51,22,18,41,358.22,51.32,23.44,14.33,41
101,318,47,34,41,96.07,317.73,51.6,39.73,41
308,246,116,116,41,308.47,245.26,120.38,107.89,41
253,274,52,75,44,252.93,274.54,55.19,71.2,44
159,290,84,119,55,157.38,288.99,81.87,122.08,55
229,325,58,127,43,229.47,316.35,67.74,137.44,43
208,202,89,66,73,209.14,207.89,83.9,80.02,73
88,107,48,41,13,90.05,107.04,42.25,42.77,13
76,20,21,40,25,77.09,20.55,18.52,38.52,25
269,23,14,27,0,296.1,22.96,14.79,30.92,0
94,35,28,70,25,96.02,26.86,21.27,48.2,25
222,46,76,91,25,225.18,45.26,68.15,90.53,25
242,95,142,28,60,242.24,92.42,139.27,20.25,60
53,162,91,188,72,50.82,163.88,79.99,178.68,72
228,39,37,46,74,227.42,39.1,44.52,49.73,74
117,139,29,13,45,117.17,140.75,29.63,14.18,45
153,57,21,35,75,152.88,57.04,21.87,34.24,75
207,186,81,124,69,207.98,257.08,77.84,259.88,69
378,54,30,41,58,378.72,54.21,28.6,42.68,58
364,166,88,45,71,364.87,166.94,83.93,38.86,71
362,151,85,20,71,364.87,166.94,83.93,38.86,71
214,310,264,140,46,210.18,305.94,236.29,124.99,46
293,138,137,172,39,291.85,140.32,138.73,165.02,39
229,327,336,180,48,222.18,330.31,315.09,171.38,48
261,263,258,300,23,270.63,260.74,238.38,310.52,23
173,245,271,359,23,159.51,242.59,255.91,346.82,23
181,215,85,193,23,223.38,265.15,195.43,301.7,23
290,195,8,15,33,288.22,194.33,11.93,14.58,33
287,87,6,13,33,286.66,86.49,6.75,12.15,33
54,337,28,13,33,54.28,337.48,27.09,13.01,33
155,319,9,24,0,154.37,318.26,5.09,23.6,0
164,319,7,21,0,164.14,318.58,3.46,22.38,0
143,319,8,22,0,145.52,317.89,4.97,26.45,0
266,322,8,12,0,265.91,322.87,9.56,12.6,0
198,315,6,13,0,180.91,323.68,5.21,12.46,0
366,316,5,15,0,366.03,317.62,4.62,17.99,0
254,322,5,12,0,255.34,322.03,6.25,12.96,0
185,247,7,5,33,185.55,248.28,6.3,6.19,33
182,324,5,10,0,180.91,323.68,5.21,12.46,0
201,225,32,26,11,200.78,225.46,33.04,23,11
278,214,275,394,6,299.33,209.5,233.34,413.01,6
385,52,42,51,0,389.9,57.3,26.49,34.63,0
172,172,271,92,22,172.7,170.67,266.57,90.46,22
180,309,340,211,22,181.72,310.57,340.09,210.87,22
281,82,98,40,22,281.61,81.57,96.63,41.42,22
291,252,253,325,0,286.14,249.96,249.06,332.07,0
135,220,72,171,27,133.93,218.9,58.94,168.56,27
205,215,414,385,53,208.35,222.96,415.3,374.87,53
371,388,92,55,43,361.18,387.9,65.92,56.2,43
263,201,113,347,31,267.26,207.07,100.65,352.43,31
175,186,83,298,31,164.39,185.05,53.79,278.83,31
403,199,8,17,0,403.97,198,8.11,16.11,0
206,202,82,308,31,205.09,205.02,61.27,286.93,31
385,197,6,19,0,384.65,197.71,7.63,17.42,0
381,196,9,20,0,384.65,197.71,7.63,17.42,0
65,201,53,34,2,64.01,199.94,55.71,34.89,2
208,199,417,427,4,208.93,205.66,414.14,410.38,4
285,170,11,6,2,332.5,170.45,10.13,7.55,2
345,110,144,161,4,344.56,111.41,142.87,55.03,4
238,280,45,214,0,238.68,280.62,43.06,211.75,0
212,229,28,22,2,212.16,228.76,27.58,19.65,2
26,217,52,205,5,29.39,215.75,55.03,197.21,5
291,332,40,80,28,294.53,328.58,36.15,77.1,28
303,278,52,45,28,303.77,281.77,50.57,49.92,28
321,332,26,64,28,322.91,322.12,23.59,87.1,28
12,198,14,30,0,24.23,194.99,19.69,34.79,0
140,208,290,394,20,137.49,200.98,272.64,384.66,20
248,262,327,300,20,263.05,260.7,305.9,301.28,20
321,249,114,158,16,319.88,244.14,111.57,145.39,16
250,369,44,95,29,251.35,364.12,45.57,92.55,29
266,50,31,14,2,265.27,49.98,31.34,14.36,2
245,248,17,61,40,244.87,247.86,15.89,58.38,40
111,203,29,97,40,111.26,200.88,32.28,96.98,40
21,230,43,115,40,21.97,228.56,43.91,124.19,40
303,227,124,384,0,304.84,216.26,114.27,386.67,0
57,218,115,399,0,60.15,231.1,120.3,369.8,0
130,219,83,402,0,131,221.06,86.92,386.16,0
237,154,25,167,0,240.98,157.46,32.43,172.14,0
83,118,22,82,0,83.48,119.78,22.43,85.74,0
209,107,52,97,25,208.03,98.06,56.95,72.81,25
162,178,17,61,40,161.09,174.57,16.15,57.2,40
122,249,143,201,77,152.86,221.7,93.3,147.69,77
324,93,61,83,16,323.48,92.4,64.36,85.73,16
216,277,139,170,20,214.67,277.12,135.75,176.28,20
74,282,151,196,20,75.47,281.38,147.19,201.93,20
240,327,63,74,20,235.74,326.52,52.59,79.08,20
364,270,104,187,20,367.71,268.87,96.58,194.27,20
312,304,81,112,20,320.58,302.76,96.02,119.49,20
334,234,38,181,0,336.72,234.81,31.91,179.95,0
242,231,39,186,0,240.25,229.52,40.2,187.67,0
168,150,90,76,25,173.62,143.51,83.46,69.28,25
213,122,55,19,25,211.65,121.69,57.95,20.04,25
151,389,69,56,0,158.14,387.8,77.34,56.4,0
112,299,53,162,0,108.64,298.25,55.44,168.64,0
323,120,36,32,25,323.36,119.3,43.28,31.55,25
360,201,30,57,0,361,209.45,30.11,54.64,0
167,265,49,42,56,162.83,265.27,55.17,45.21,56
203,150,41,47,25,204.45,148.18,44.08,40.52,25
234,148,72,36,25,239.06,146.75,54.6,38.84,25
52,291,92,115,56,56.13,296.13,90.64,106.51,56
389,211,29,41,0,390.33,213.37,32.62,46.28,0
82,395,34,31,26,79.91,394.64,38.85,32.38,26
294,136,40,23,25,260.09,143,32.34,24.08,25
162,249,41,36,56,157.73,230.26,41.09,24.45,56
141,163,97,99,25,142.2,157.23,99.79,86.94,25
121,201,142,322,48,121.15,202.06,140.19,328.48,48
317,280,159,195,52,317.14,277.33,161.51,208.49,52
319,164,148,213,52,317.14,159.06,152.69,210.44,52
117,211,136,258,0,113.63,214.81,134.1,238.52,0
197,185,28,12,29,197.42,183.66,28.11,11.03,29
233,157,163,251,40,230.84,162.62,160.48,257.31,40
208,249,233,337,0,217.69,251.9,237.04,327.12,0
398,70,37,138,41,398.9,64.74,34.2,129.48,41
75,279,71,99,51,73.98,277.88,70.23,99.97,51
297,30,90,59,41,295.02,22.88,78.35,45.68,41
117,31,113,62,41,113.93,31.17,112.88,62.35,41
209,233,370,392,51,210.32,178.15,201.88,217.3,51
209,218,374,416,45,209.05,222.02,413.89,378.61,45
169,234,351,277,6,175.28,224.83,350.56,223.42,6
277,277,39,67,58,278.1,276.86,40.87,67.92,58
323,264,51,52,58,312.14,261.75,32.88,54.28,58
200,171,47,32,32,200.12,171,41.11,32.31,32
250,75,35,55,0,250.67,73.3,32.12,53.33,0
8,124,16,53,0,8.13,119.79,16.26,60.42,0
164,90,39,76,0,160.05,88.44,46.57,71.19,0
242,162,203,177,0,242.77,158.46,199,177.01,0
135,124,37,54,0,134.63,123.3,34.27,53.59,0
83,110,26,40,0,82.68,110.36,25.17,43.07,0
82,140,52,26,0,80.3,140.52,49.42,23.16,0
65,110,15,37,0,64.52,110.45,16.33,41.44,0
390,124,46,63,0,387.14,122.19,38.23,64.16,0
279,163,80,163,0,280.31,156.78,66.37,154.85,0
194,86,18,17,0,194.22,87.81,17.26,19.28,0
310,248,214,154,50,313.06,246.37,205.88,158.57,50
242,217,356,401,0,247.35,215.96,337.3,400.08,0
348,349,30,71,0,347.39,349.87,34.76,70.44,0
343,330,11,30,24,342.1,326.85,11.17,19.98,24
346,385,50,25,30,345.52,385.87,50.52,21.72,30
206,189,27,19,74,205.2,188.43,26.36,18.25,74
92,344,184,140,57,85.11,343.74,170.22,141.88,57
165,357,42,12,73,163.91,358.27,39.31,11.42,73
133,310,36,12,63,133.31,311.04,36.44,12.56,63
119,357,36,12,73,119.85,356.72,38.27,15.67,73
164,338,29,11,73,164.64,336.77,30.07,10.82,73
162,348,31,8,65,159.48,346.96,29.11,4.31,65
336,335,67,165,0,335.53,334.62,63.51,162.77,0
222,340,48,153,27,220.59,338.32,42.53,155.37,27
212,244,257,336,0,211.27,241.67,239.25,337.65,0
125,268,32,43,0,126.64,267.73,31.19,41.04,0
46,321,91,194,0,45.92,318.78,91.84,192.57,0
389,370,53,98,0,390.73,369.05,50.21,93.63,0
89,304,58,181,0,89.15,290.28,59.6,147.87,0
360,298,63,138,0,359.98,297.23,47.97,126.52,0
266,222,26,27,0,266.98,221.59,21.16,23.12,0
292,248,26,51,0,293.39,243.78,28.16,41.76,0
268,229,231,209,29,268.51,225.66,231.06,198.8,29
199,203,414,396,16,203.39,205.87,406.78,389.71,16
204,267,287,61,8,206.4,261.9,306.81,56.2,8
314,245,133,27,8,323.06,239.78,153.39,19.25,8
273,243,180,46,8,284.87,248.91,194.48,29.87,8
97,178,28,131,0,95.84,179.04,29.38,132.45,0
83,84,6,8,32,82.88,82.32,4.25,6.23,32
107,111,19,15,38,103.9,110.19,24.76,14.23,38
287,182,11,12,2,286.99,181.72,9.49,12.45,2
151,208,103,273,0,151.06,206.78,102.24,269.99,0
220,206,54,62,38,219.33,203.18,52.83,66.4,38
237,213,8,11,32,237.37,213.86,7.92,12.45,32
214,214,411,414,0,211.51,205.19,408.98,406.63,0
264,178,98,49,54,264.44,177.83,100.77,47.14,54
161,170,92,89,54,161.78,169.2,91.05,91.75,54
78,183,77,76,54,77.67,179.89,78.7,81.8,54
350,221,83,102,54,351.26,221.09,78.53,100.03,54
73,127,83,73,54,73.68,125.17,81.64,73.63,54
346,133,80,88,54,346.52,132.53,79.35,88.3,54
353,329,89,130,54,354.13,331.91,86.57,125.18,54
263,340,110,109,54,264.15,341.7,110.88,107.45,54
158,232,98,93,54,157.52,230.68,95.51,93.71,54
169,279,96,88,54,171.04,281.17,95.84,90.48,54
161,349,109,81,54,163.29,353.87,107.78,78.88,54
228,215,56,168,54,229.16,213.71,55.18,164.06,54
63,233,79,67,54,63.67,229.82,78.43,67.14,54
73,333,105,102,54,74.08,331.33,100.6,103.75,54
371,235,93,134,65,370.69,235.01,90.62,132.24,65
240,207,261,321,15,250.14,211.14,242.07,329.93,15
182,249,256,333,0,187.99,248.36,244.75,335.29,0
39,361,79,110,57,39.52,366.01,76.15,87.3,57
350,182,49,50,58,351.58,175.79,54.18,64.16,58
308,244,39,12,65,309.48,244.64,38.56,12.08,65
36,117,9,18,73,31.62,116.17,8.03,18.77,73
46,117,19,17,73,44.66,116.8,24.62,19.63,73
29,117,9,19,73,27.02,116.26,7.28,19.05,73
392,84,50,169,41,390.66,83.62,50.69,167.24,41
198,212,384,393,53,184.08,210.42,368.17,397.02,53
336,30,74,58,40,331.94,33.11,63.66,60.62,40
222,210,308,211,5,227.96,212.68,298.76,206.6,5
155,180,12,40,0,142.44,173.05,10.54,43.82,0
296,222,85,211,36,291.53,220.62,75.89,211.27,36
68,222,98,120,16,75.71,222.29,74.88,120.18,16
210,211,240,396,77,220.51,212.74,217.31,395.53,77
152,80,174,165,77,154.84,80.96,177.43,159.5,77
336,135,155,265,77,38.22,126.96,76.44,240.95,77
43,138,86,277,77,38.22,126.96,76.44,240.95,77
217,239,104,260,0,214.32,242.2,98.38,258.6,0
212,285,344,158,13,211.74,283.72,368.79,174.81,13
195,264,361,239,3,193.64,268.54,352.87,226.55,3
183,254,26,77,0,183.56,253.85,25.62,77.3,0
67,250,25,59,0,66.11,250.44,24.49,56.9,0
332,229,9,26,0,331.77,225.71,8.26,27.65,0
295,230,8,31,0,294.63,228.83,8.35,30.7,0
144,231,6,23,0,143.97,231.33,6.91,20.64,0
11,236,16,41,0,11.5,239.5,14.59,31.04,0
197,267,10,27,38,196.19,265.43,9.59,27.54,38
167,231,8,22,0,167.56,230.87,7.97,22.79,0
59,244,10,10,1,40,240.25,16.48,14.59,1
257,231,7,17,0,257.1,231.23,7.86,18.08,0
19,243,17,16,1,20.27,241.72,16.37,13.49,1
188,273,30,139,0,189.38,271.01,28.94,135.43,0
98,269,37,99,0,95.65,269.09,29.68,98.82,0
208,227,293,234,5,206.13,223.73,300.09,227.16,5
31,232,63,177,5,31.68,224.04,62.91,164.68,5
83,285,9,23,26,83.16,285.65,9.82,21.98,26
200,226,193,82,4,199.24,224.2,195.18,80.75,4
82,362,6,10,2,82.3,361.61,6.51,9.3,2
129,364,7,10,2,129.25,365.16,5.54,9.65,2
147,349,12,10,2,145.42,347.83,7.36,12.52,2
111,391,7,8,2,110.59,390.88,10.06,9.9,2
87,370,7,8,2,88.42,368.95,5.33,9,2
64,390,7,10,7,64.66,389.11,7.84,10.33,7
167,244,40,159,0,167.15,243.04,44.84,159.94,0
307,237,27,133,0,307.18,236.98,26.16,137.42,0
245,238,28,108,0,246.89,239.2,30.77,115.02,0
134,237,27,122,0,134.78,240.77,28.66,116.71,0
111,252,28,140,0,112.66,251.46,31.44,141.95,0
220,238,25,112,0,219.56,238.65,26.13,114.01,0
204,144,416,299,4,209.06,141.62,413.88,275.77,4
198,242,27,119,0,191.01,242.54,19.99,116.78,0
206,132,43,61,0,195.92,134.25,43.8,65.65,0
308,152,28,90,0,309.58,152.66,28,81.19,0
123,251,13,28,26,123.01,250.84,11.55,24.26,26
189,237,19,115,0,203.28,238.68,21.74,122.62,0
76,212,58,82,58,74.21,209.8,50.03,83.12,58
124,306,108,93,71,123.85,303.53,103.22,87.49,71
292,218,38,52,61,292.96,216.35,36.1,48.75,61
217,243,307,328,41,214.03,221.58,304.14,342.48,41
174,140,71,76,79,176.06,142.47,77.31,77.15,79
221,111,75,148,79,224,109.52,77.1,144.29,79
208,213,137,353,0,206.96,213.92,141.57,352.15,0
132,274,127,234,0,131.69,278.16,125.54,225.08,0
348,317,137,147,28,348.91,318.37,134.17,144.16,28
115,176,229,295,15,117.81,176.06,229.92,287.73,15
165,234,129,209,16,160.67,233.69,137.97,215.58,16
113,35,216,71,44,113.51,35.14,219.52,67.46,44
209,206,416,416,45,208,211.27,416,394.5,45
262,347,58,90,51,260.29,351.4,59.29,80.26,51
155,206,56,83,51,155.59,204.89,55.92,76.05,51
327,220,47,74,51,326.42,223.17,48.22,76.35,51
108,225,44,81,51,109.68,223.72,43.37,67.7,51
317,289,52,76,51,317.13,285.4,52.98,75.67,51
279,237,39,60,50,223.31,293.98,40.83,50.37,50
354,278,38,74,51,354.7,277.02,43.58,74.6,51
285,306,89,92,62,285.07,305.89,91.64,97,62
271,286,45,72,20,271.76,285.09,44.93,72.16,20
232,300,25,40,20,232.9,301.23,26.5,39.35,20
19,287,34,54,20,19.02,287.93,35.86,56.09,20
152,280,52,81,20,152.13,279.14,48.94,79.48,20
327,289,48,72,20,327.84,287.8,47.37,72.7,20
106,287,38,64,20,106.7,288.31,38.7,58.02,20
69,295,24,40,20,69.52,293.98,22.65,43.85,20
262,182,145,161,41,262.11,183.17,146.17,151.79,41
210,207,433,395,60,208,209.02,416,413.96,60
313,88,95,125,41,312.7,87.87,92.55,123.4,41
188,200,37,141,44,188.5,218.92,38.3,84.96,44
153,207,71,83,77,151.17,206.43,67.19,83.72,77
303,292,89,97,77,306.75,292.61,90.04,89.87,77
190,280,42,74,77,189.36,279.3,40.3,70.29,77
208,303,279,232,59,215.03,307.79,276.86,208,59
230,271,57,90,77,231.36,273.21,46.2,76.02,77
237,186,34,59,77,235.49,179.6,32.43,49.91,77
283,229,28,51,77,286.28,231.19,22.37,33.02,77
249,231,36,73,77,254.92,224.51,47.76,69.43,77
178,210,216,87,53,179.77,211.61,192.05,94.41,53
211,265,63,258,0,209.62,269.05,65.65,252.77,0
302,291,73,196,0,301.6,290.19,78,199.61,0
150,305,59,175,0,150.53,304.75,60.02,173.88,0
188,114,23,21,29,188.11,114.48,21.94,20.18,29
290,322,153,148,3,288.83,327.03,160.39,153.06,3
196,241,287,132,0,197.56,240.25,283.03,136.49,0
231,307,156,31,36,229.45,307.75,157,35.15,36
156,20,22,21,0,156.14,20.61,21.12,20,0
90,34,25,18,0,88.58,34.3,24.9,18.58,0
182,19,20,13,0,182.56,18.97,20.47,15.7,0
370,37,90,77,0,372.96,37.4,86.07,74.62,0
175,293,176,210,62,175.62,298.06,174.98,220.44,62
75,349,42,129,39,75.03,344.33,38.74,128.18,39
145,93,31,26,45,145.27,93.23,33.71,26.44,45
293,162,8,53,73,292.57,162.29,7.31,54.26,73
301,163,9,52,73,300.5,161.94,4.83,52.53,73
214,228,198,234,15,216.07,226.34,198.17,237.98,15
209,346,422,143,2,208.77,341.42,414.45,138.19,2
266,210,263,390,3,261.99,207.13,277.15,401.03,3
102,44,200,89,2,102.51,48.15,189.13,94.95,2
360,107,110,217,2,358.1,84.54,115.8,167.29,2
52,231,50,219,0,54.98,229.74,49.32,223.47,0
183,229,236,326,6,185.83,230.77,230.72,330.54,6
12,203,24,123,0,11.88,204.5,22.7,129.8,0
100,237,35,193,0,103.67,236.98,43.45,189.76,0
73,270,22,61,26,72.49,276.24,21.84,49.65,26
68,149,8,17,0,74.44,147.59,9.78,18.16,0
74,165,17,52,0,68.9,166.43,15.48,54.26,0
307,283,106,119,49,304.11,282.25,98.54,113.21,49
36,80,71,60,47,36.6,79.99,73.2,60.2,47
136,121,34,28,49,136.97,118.86,38.93,30.26,49
44,222,34,46,47,45.36,220.06,35.65,44.82,47
211,328,35,37,47,211.34,328.23,36.11,37.03,47
81,67,33,42,49,80.94,65.58,32.34,39.27,49
140,269,39,66,47,140.86,268.45,38.3,66.68,47
187,309,129,208,17,186.42,312.54,131.03,193.72,17
116,217,52,90,37,116.19,216.03,51.74,89.97,37
35,220,71,93,37,34.19,220.69,68.37,93.83,37
330,282,80,145,37,333.87,284.88,77.75,141.87,37
382,250,68,101,37,382.88,247.01,66.25,93.8,37
205,195,48,59,37,204.53,195.44,48.78,58.78,37
232,152,45,45,37,232.53,156.77,44.9,35.92,37
315,156,57,48,37,314.75,154.69,55.39,49.54,37
297,185,37,41,37,298.45,184.55,34.15,44.14,37
402,82,5,13,0,402.26,81.58,4.69,13.75,0
410,83,6,13,0,410.62,80.65,4.93,15.34,0
360,132,52,23,37,360.31,128.47,54.08,27.57,37
373,124,64,20,37,371.64,126.08,62.4,15.5,37
179,237,374,272,5,186.76,248.76,373.52,245.48,5
171,355,64,119,15,172.22,339.51,65.3,99.3,15
108,31,16,34,67,107.64,29.76,17.49,32.84,67
295,201,21,45,0,299.16,198.75,22.98,42.15,0
301,212,38,37,3,304.68,207.39,27.75,51.36,3
89,198,6,17,0,88.29,196.09,5.34,13.09,0
86,198,5,18,0,88.29,196.09,5.34,13.09,0
76,198,7,15,0,76.79,197.47,6.29,12.77,0
69,199,7,12,0,76.79,197.47,6.29,12.77,0
62,201,5,13,0,64.02,199.13,3.19,10.83,0
67,201,8,12,0,64.02,199.13,3.19,10.83,0
266,237,183,315,23,261.4,246.72,190.11,338.57,23
87,314,91,189,61,89.34,311.3,89.03,190.71,61
300,340,89,155,61,300.51,339.27,84.43,153.47,61
273,177,16,47,39,273.22,177.53,17.31,46.82,39
292,175,17,44,39,291.65,174.45,16.76,47.82,39
395,46,32,30,62,394.33,44.54,32.68,27.33,62
252,304,101,146,63,254.51,312.7,100.96,161.72,63
188,177,80,108,0,188.51,180.35,75.72,103.47,0
155,141,69,108,0,154.02,141.88,59.03,106.13,0
328,208,134,158,0,338.61,197.95,147.34,164.95,0
333,106,74,213,0,331.07,89.6,69.83,175.47,0
238,195,42,95,56,238.47,202.8,43.13,105.26,56
296,135,36,70,56,292.94,137.15,35.73,71.91,56
127,291,41,121,0,127.89,292.47,41.84,120.01,0
70,286,41,125,0,71.31,289.5,38.43,125.8,0
200,245,74,41,2,202,246.8,74.54,38.7,2
293,249,13,52,0,293.08,248.6,15.98,56.57,0
387,68,57,104,33,386.93,65.58,58.14,95.92,33
15,211,31,31,2,14.97,211.23,29.93,29.99,2
276,249,13,54,0,276.98,247.35,13.38,60.9,0
98,220,49,26,2,95.19,221.1,43.36,26.69,2
261,244,12,40,0,262.34,248.08,14.24,52.88,0
315,247,14,57,0,316.02,249.41,12.77,49.71,0
19,140,7,27,0,18.92,140.28,6.95,27.74,0
304,249,11,50,0,303.63,249.34,10.02,48.43,0
97,138,6,21,0,97.81,136.37,6.59,24.73,0
82,4,41,10,33,82.01,3.84,38.39,7.68,33
139,235,34,33,2,141.39,231.31,31.99,20.12,2
228,307,369,167,3,225.93,311.12,379.99,139.65,3
82,220,62,66,0,79.59,220.81,69.38,61.47,0
211,236,57,78,0,210.42,235.76,59.45,78.93,0
119,220,57,89,0,120.47,225.55,52.71,97.22,0
369,252,93,68,0,368.39,251.29,95.22,68.48,0
317,267,48,43,56,311.07,270.73,38.68,51.19,56
53,154,107,26,25,53.55,154.62,106.25,19.32,25
131,240,89,326,0,131.26,224.24,91.18,293.26,0
106,106,160,133,25,102.01,95.53,152.15,109.37,25
48,131,100,98,2,50.83,131.81,100.26,95.35,2
249,84,34,25,2,250.22,84.24,34.66,21.57,2
194,85,50,34,2,194.99,86.73,52.92,32.61,2
190,84,55,36,2,194.99,86.73,52.92,32.61,2
270,310,134,91,55,269.72,300.03,136.46,113.47,55
214,233,77,373,0,213.96,228.41,77.93,375.17,0
226,259,33,39,43,229.09,256.83,25.13,38.19,43
380,216,34,47,55,379.25,202.86,26.21,18.21,55
405,269,24,33,55,402.98,276.69,26.05,18.92,55
346,327,140,181,60,346.71,332.98,135.74,154.83,60
214,228,277,232,23,219.8,227.63,268.25,229.03,23
348,25,29,46,39,348.82,24.1,33.06,43.88,39
14,372,30,45,71,16.43,369,31.64,39.56,71
195,404,137,25,61,189.23,403.94,120.62,24.12,61
197,186,53,52,62,196.35,185.3,51.38,48.69,62
102,285,94,146,56,103.43,285.15,92.94,146.46,56
275,306,150,119,57,276.95,301.9,145.93,128.28,57
303,230,96,59,57,306.8,234.2,96.69,54.58,57
379,305,67,146,56,375.91,306.52,68.35,144.31,56
271,307,145,121,57,276.95,301.9,145.93,128.28,57
317,69,64,93,33,316.86,68.73,64.61,89.83,33
172,371,35,31,0,169.28,372.47,26.36,29.53,0
165,389,16,6,37,186.31,381.89,10.01,8.9,37
169,135,70,128,0,169.32,136.48,63.43,119.03,0
262,187,88,182,0,261.38,188,94.09,178.38,0
197,296,256,235,60,200.4,299.36,254.94,225.12,60
68,249,130,286,0,68.05,240.96,126.22,263.38,0
140,276,19,55,41,140.36,276.23,17.78,55.8,41
346,270,128,272,0,345.35,274.07,127.31,283.87,0
117,69,75,133,58,120.45,81.93,73.87,159.78,58
367,378,77,76,16,364.44,376.12,66.36,71.29,16
243,73,15,22,74,243.75,73.34,12.81,19.69,74
203,180,10,37,40,202.98,182.93,10.74,40.71,40
35,306,71,219,56,37.9,314.48,75.51,203.03,56
169,200,30,34,55,172.32,201.54,37.09,33.57,55
135,207,19,14,45,134.84,206.19,18.2,13.89,45
311,211,16,53,56,309.27,217.25,20.33,65.95,56
214,219,13,35,41,214.2,217.81,13.44,40.1,41
135,373,8,46,42,135.77,374.57,10.5,48.13,42
144,243,155,186,,145.56256,243.529312,160.76736,180.42128,6
228,290,43,170,,228.46304,289.044704,43.98784,163.943936,0
35,302,68,234,,33.9456,302.15744,67.8912,227.684704,0
176,291,37,157,,174.60352,288.825472,37.22368,152.729824,0
203,264,20,83,,202.18432,259.361024,19.75168,76.007776,0
204,322,20,57,,203.37824,323.176672,18.44544,55.558464,28
214,226,13,38,,214.2192,222.685216,16.04928,31.801536,0
186,283,21,99,,190.632,282.503936,16.848,51.674272,26
315,265,204,303,,314.768896,261.011296,202.462208,282.614176,20
163,248,325,309,,156.562432,221.346528,313.124448,249.137824,20
217,117,20,40,,217.22688,118.172704,22.262656,42.420352,74
249,140,9,43,,248.394432,134.628,7.884448,59.199296,74
337,200,117,172,,338.867776,199.240704,115.420448,169.24752,14
147,187,172,154,,127.998208,182.950144,140.634208,158.344576,14
326,235,148,235,,325.146432,234.146432,140.757344,241.039552,0
186,239,114,237,,189.235488,232.332672,99.961888,220.993344,0
351,111,12,13,,350.959232,110.178432,13.650208,12.148448,74
37,278,74,139,,38.939264,283.01312,77.73168,127.276448,2
378,111,9,13,,378.251328,110.880224,7.962656,10.913344,74
61,236,85,38,,71.804512,239.486208,57.045664,30.875104,2
110,207,15,40,,110.101888,207.13888,19.84112,40.995552,12
246,208,322,398,,250.025568,208.892736,331.948448,406.137472,15
261,172,69,194,,261.072448,171.771392,68.484,191.678656,0
281,270,86,35,,284.592672,272.26784,83.011552,34.332064,37
114,210,164,261,,113.763104,207.395968,166.036,259.4176,0
293,204,185,303,,292.646432,203.966464,190.638656,308.049664,0
195,226,43,28,,196.160224,225.888,42.932448,27.383616,29
221,78,61,13,,225.96288,78.001664,54.268448,13.955968,7
286,109,250,224,,286.351104,110.062368,259.298208,220.124736,45
268,327,189,179,,267.140224,324.571104,181.863552,169.199264,48
327,85,190,107,,321.944896,94.154528,188.109792,92.750528,42
205,214,218,406,,201.132672,205.301408,210.502656,404.114464,0
241,269,131,288,,228.488,270.190336,155.311104,283.22112,16
266,232,185,301,,276.30512,230.027616,209.566656,297.279424,0
270,212,201,345,,283.78688,164.763456,234.513344,274.832896,30
154,331,53,106,,150.700576,330.395104,40.550848,107.458208,0
93,317,25,62,,91.402272,316.004,24.254464,62.360896,0
30,317,26,76,,31.475808,315.496896,25.692576,68.783104,0
209,318,34,75,,209.781728,318.00912,32.194656,74.535552,0
109,312,24,67,,110.131424,305.181344,21.16192,47.657792,0
180,316,28,73,,178.278464,314.77888,31.04608,67.151552,0
238,319,28,73,,238.955808,320.391552,29.06592,69.459104,0
130,315,25,65,,129.272,318.041568,25.620192,70.986656,0
188,307,190,181,,187.827328,309.530208,181.928448,168.455456,45
148,187,57,103,,142.203776,193.103872,68.607552,114.979488,46
155,250,68,45,,156.032448,248.41648,66.156896,44.181696,47
155,249,66,45,,156.032448,248.41648,66.156896,44.181696,47
302,299,54,39,,302.680768,297.545248,54.786784,39.282048,68
28,346,31,20,,27.930656,342.873856,30.99616,26.387296,45
371,366,69,77,,369.804864,364.054496,70.74704,82.248192,69
133,299,80,73,,131.739712,298.60896,80.642848,78.7488,41
55,229,87,224,,55.816384,232.83104,83.0856,237.9104,39
346,276,142,97,,346.14528,275.6624,137.49632,94.40704,66
165,137,348,246,,163.620288,140.10048,327.240576,250.11584,62
355,116,124,171,,353.16112,122.9904,125.67776,151.73184,62
46,215,28,70,,46.432672,213.655104,28.749344,69.744896,0
234,175,376,148,,223.356224,166.278112,381.192448,126.571328,4
68,164,142,62,,67.684448,162.804512,135.368896,63.724544,4
202,204,384,414,,217.609184,205.19616,394.68,410.39232,0
227,144,57,293,,230.652032,141.94752,57.359328,281.08288,27
377,208,78,413,,382.465408,204.4848,67.069184,373.59296,0
274,367,158,65,,273.747552,366.382432,161.267808,67.4232,36
83,82,22,82,,81.43616,83.754112,23.688704,82.676672,0
19,136,25,125,,18.787808,136.552832,22.580896,124.460128,0
103,95,22,73,,102.276928,94.867552,21.160256,72.31744,0
275,204,91,354,,272.503712,200.83232,94.422432,353.362048,0
148,102,32,100,,145.399488,102.283584,34.034624,98.663968,0
322,108,30,92,,317.64512,107.595904,24.409216,95.217824,0
180,101,42,33,,178.502688,98.619872,46.732192,38.765376,1
381,92,43,37,,381.54064,91.475904,44.203328,39.322816,1
123,95,18,55,,122.325632,98.436416,20.03872,58.613984,0
199,140,26,10,,199.41168,139.390784,24.966656,9.726912,24
151,276,159,168,,150.432672,276.02016,155.889344,172.076736,20
247,272,112,151,,239.781568,272.505792,130.409344,152.377472,20
349,285,7,17,,350.213344,284.65216,10.516896,21.501792,0
53,259,47,91,,54.902432,259.302368,47.326656,87.940736,20
375,283,14,31,,378.01088,278.92384,7.715552,26.545792,0
361,277,13,35,,360.535552,281.827104,10.816,31.659264,0
388,275,11,22,,361.055552,267.990528,13.546208,19.482528,0
152,303,303,223,,150.03872,301.954848,300.07744,218.74944,73
317,208,203,416,,323.68544,206.130912,184.62912,410.397728,63
353,163,71,219,,351.380224,165.071296,69.062656,219.902176,10
74,83,82,169,,76.248224,84.783296,59.949344,168.272,0
268,72,81,148,,267.202208,69.801472,56.914208,137.730528,0
250,198,145,47,,252.234528,198.912896,148.581472,47.762208,28
139,212,143,35,,136.03616,213.804448,139.975264,38.246208,28
162,336,236,146,,161.41216,331.243328,228.097792,148.635552,28
275,245,161,61,,275.184,246.116,152.082528,64.870208,28
179,216,336,424,,175.143904,208,339.08368,416,0
131,35,58,74,,126.285536,37.219104,50.553152,73.892,39
170,261,124,199,,168.645568,254.806656,119.256384,198.548896,27
364,208,104,424,,366.698592,261.144,98.602816,309.712,0
220,146,381,141,,223.434432,156.277472,385.131552,164.614528,31
370,12,96,24,,364.663104,15.409472,87.516,28.218528,30
167,13,86,28,,161.173792,13.970528,169.896896,27.698528,30
332,86,173,48,,332.393568,93.465632,167.212448,24.847264,30
262,240,270,252,,260.997568,258.9912,263.061344,285.382656,15
76,173,129,86,,75.308896,176.687264,134.108,90.358944,15
211,206,361,367,,215.635264,206.131328,321.585472,337.473344,55
361,137,72,42,,361.44784,136.386432,70.000736,41.866656,49
334,119,75,61,,332.176,115.293568,71.049472,57.024448,49
212,333,46,53,,212.233632,333.280896,45.682208,53.391104,49
395,211,44,35,,395.035264,210.798432,41.929472,33.806656,49
365,185,83,52,,365.785472,187.921344,85.488,46.201792,49
22,205,46,119,,22.702368,208.100672,45.404736,103.161344,46
358,158,64,47,,355.861792,159.854656,68.553472,50.479104,49
254,381,58,58,,253.91184,382.843552,59.947264,53.897792,49
299,85,72,72,,301.569632,85.400224,57.191264,72.962656,46
189,219,229,337,,191.767264,214.769568,221.502528,347.275552,23
300,253,150,192,,305.378528,253.808672,139.602528,191.639552,23
236,317,69,61,,237.042208,318.246656,69.194528,61.516,23
204,211,199,347,,201.521216,209.872,214.858592,339.169792,0
386,110,60,70,,386.212736,107.477344,57.002816,65.961792,2
164,67,77,88,,163.253376,64.993344,77.257024,82.536896,0
278,87,46,33,,268.74848,64.002432,38.589408,18.739552,2
250,82,17,17,,249.054624,80.908672,10.0152,12.109344,67
167,280,22,54,,168.863552,282.008896,23.764,57.988736,0
141,358,34,56,,141.225344,359.01216,35.281792,59.288736,0
82,181,35,65,,83.193344,181.779104,34.632,65.771264,0
163,203,30,56,,163.176,204.039264,28.768896,53.664,0
323,270,26,64,,316.621344,268.657792,37.296896,63.544,0
300,215,30,58,,300.118208,215.141472,28.639104,57.286528,0
108,361,21,29,,106.57088,304.472896,100.964448,134.619264,28
140,231,19,28,,139.756448,232.409632,19.903104,27.256736,28
315,189,25,69,,318.89312,194.52784,19.740448,60.554208,0
66,246,24,33,,67.928224,224.917472,23.913344,55.986528,0
289,289,20,26,,294.791328,284.916736,34.794656,30.524,28
57,190,24,40,,51.71088,194.731264,18.856448,26.693472,24
66,219,23,55,,61.333792,196.308736,25.844,51.618528,0
90,303,84,225,,94.162432,301.227264,84.324448,225.801472,0
186,291,80,252,,187.271552,292.794528,76.596,246.410528,0
251,284,77,267,,249.31712,278.19584,70.427552,263.874208,0
244,372,92,88,,254.10112,373.204,74.392448,85.592,38
228,240,44,138,,229.128224,239.891808,41.528448,134.552288,16
210,297,390,214,,180.446656,301.746016,331.324864,203.371168,43
279,83,153,144,,267.02832,316.979104,270.141664,164.680256,42
208,214,384,411,,208.931424,206.242816,414.137568,410.405632,60
233,180,29,68,,233.818208,181.247872,31.551104,69.330144,0
135,182,27,63,,135.031104,183.74512,27.377792,60.007168,0
84,217,54,53,,84.47712,218.0672,53.475552,48.450688,1
135,204,48,46,,134.982432,204.247264,49.081344,45.809504,1
325,203,50,51,,324.142208,202.052864,50.088896,54.60624,1
86,190,36,75,,85.683104,191.176128,36.724896,75.724064,0
7,50,15,89,,7.237568,50.903008,14.475552,88.640864,9
234,203,49,49,,233.935104,203.66112,51.636,45.730048,1
323,178,30,68,,323.752,179.515232,26.740896,72.854496,0
241,97,10,44,,240.301568,97.88896,8.963552,41.609984,9
376,328,78,178,,376.61312,328.123744,78.773344,175.752512,2
51,187,30,57,,51.281568,188.35648,32.428448,58.031584,0
53,210,27,40,,47.687328,209.975584,49.107552,41.302144,1
210,214,419,390,,208,214.542016,416,393.563456,53
211,227,423,414,,208,214.542016,416,393.563456,53
201,212,324,193,,200.368896,212.908384,319.462208,191.632064,4
130,214,85,396,,128.657568,210.80384,90.447552,399.177792,76
208,211,406,391,,208,205.885472,416,410.366528,59
206,154,143,109,,206.947104,158.34416,130,115.240736,15
206,156,133,113,,206.947104,158.34416,130,115.240736,15
211,305,408,123,,186.627168,303.699552,354.398304,108.199104,6
132,169,213,326,,136.090656,162.43552,226.070208,322.962848,0
271,261,282,255,,272.551552,263.018496,283.335104,254.072832,19
69,154,88,147,,66.982656,146.108352,87.776,114.962848,26
202,267,130,222,,201.356896,267.921472,126.840896,229.094528,61
286,237,104,81,,287.111552,237.444896,105.872,72.912736,71
187,269,26,45,,187.85728,269.064224,30.689984,46.468448,0
194,291,61,6,,193.866816,291.885568,62.370464,5.427552,31
341,209,154,47,,339.849536,210.144896,152.300928,52.767104,7
214,372,29,92,,215.546656,371.054528,30.472,89.89136,0
7,390,15,53,,6.41888,390.093184,12.538656,51.813632,0
14,396,8,24,,6.41888,390.093184,12.538656,51.813632,0
10,390,16,48,,6.41888,390.093184,12.538656,51.813632,0
202,243,348,268,,211.808896,246.975456,282.412,273.90272,4
117,300,8,27,,110.227104,192.610912,106.782208,70.0232,4
372,329,89,175,,371.500896,324.622272,88.997792,168.27408,4
312,209,122,99,,313.075776,209.042496,117.812448,100.400352,36
287,131,132,152,,289.821792,129.198784,129.571104,145.260128,0
232,221,356,100,,224.19488,222.020448,338.149344,109.3768,6
267,142,11,43,,266.184672,141.091808,11.615552,44.78864,9
142,228,285,140,,136.291168,228.533344,263.852992,150.891104,15
173,234,367,212,,178.943232,206.134656,357.886464,199.601792,25
140,291,134,111,,138.963552,291.836896,139.996896,114.200736,48
212,114,84,42,,214.681792,115.44416,92.170208,45.578208,2
367,76,29,77,,367.14912,74.801792,28.398656,73.770528,0
135,184,122,124,,136.019104,184.162368,103.765792,114.044736,56
199,173,61,100,,200.72,168.324,56.342208,91.086528,56
212,312,422,216,,207.30112,313.256736,413.211552,192.642528,60
17,210,32,161,,13.702208,216.432736,26,165.845472,56
138,92,45,74,,134.70912,94.821792,57.934656,74.672,0
141,104,31,49,,140.530208,101.166208,30.043104,52.624,26
163,115,19,51,,164.384896,118.65984,17.043104,43.723264,24
164,117,19,46,,164.384896,118.65984,17.043104,43.723264,24
34,132,18,44,,32.961344,132.192736,13.338208,42.986528,0
222,300,25,60,,221.896896,299.416,28.053792,58.413472,39
149,285,25,54,,148.056896,283.525632,22.88,54.695264,39
187,299,27,61,,186.475328,299.329472,24.901344,57.096,41
292,156,52,81,,293.325344,156.030368,52.208,81.041792,58
200,267,21,51,,200.154656,269.797632,20.423104,52.199264,39
327,339,179,152,,324.272,330.93216,177.384896,160.792736,69
149,175,22,50,,144.049568,175.812,26.461344,53.698528,56
263,205,22,30,,261.309568,205.573472,19.493344,31.581472,39
408,164,17,41,,407.517344,163.332,16.964896,35.810528,44
335,209,22,44,,335.94288,208.511264,23.510656,44.442528,39
143,251,29,76,,145.0592,251.899232,33.16352,73.81504,56
189,309,107,145,,189.47136,310.202048,100.98816,143.00624,56
179,253,31,77,,178.36,257.88256,29.29472,72.374016,56
185,372,158,90,,188.2816,371.355296,156.56576,89.289824,57
237,133,15,24,,237.46112,133.564704,15.95776,25.799488,74
187,371,155,92,,188.19424,367.283072,158.63744,89.014016,56
247,311,31,75,,246.82528,298.367264,35.45152,99.138208,58
142,219,11,19,,144.01088,227.935552,13.76128,37.364704,56
311,208,151,406,,313.00672,212.243616,156.63232,360.356256,8
55,121,10,10,,55.37376,120.9208,9.32672,9.003072,14
216,228,47,158,,215.25088,234.318656,48.66368,181.840672,8
139,243,13,19,,129.82944,240.179264,112.4448,30.774848,8
209,208,397,408,,208.091104,207.414688,368.888,397.49424,4
166,355,119,122,,161.895552,357.284928,111.891104,117.430144,33
387,25,58,49,,387.37088,22.437792,49.783552,43.004,29
79,226,132,388,,81.994432,222.360736,134.803552,376.168,0
34,323,21,10,,33.897344,322.941632,20.111104,10.217792,29
322,379,10,25,,321.429472,379.20688,10.088,25.967552,0
100,60,55,21,,101.50816,59.565792,55.666208,20.968896,33
219,383,14,24,,219.205792,383.15888,14.196,24.316448,0
244,384,15,23,,243.528896,383.73088,15.573792,23.549344,0
219,246,315,332,,219.504896,238.423328,304.693792,346.040448,0
395,213,44,132,,397.652736,214.555328,36.694528,134.530656,0
352,188,20,47,,350.779104,189.270432,23.096736,47.352448,0
25,250,50,66,,27.109472,247.02912,49.226528,59.364448,0
76,219,38,67,,71.534528,223.200224,46.072,75.770656,0
332,186,15,33,,350.779104,189.270432,23.096736,47.352448,0
104,214,24,38,,102.366368,209.875328,22.854208,28.450656,0
140,235,41,47,,140.477792,235.605344,40.664,48.308,0
125,75,118,127,,125.025472,73.739328,117.208,121.829344,34
153,203,17,17,,154.843104,203.027552,21.294208,18.745792,0
125,75,118,127,,125.025472,73.739328,117.208,121.829344,34
122,207,16,24,,122.070208,209.348672,19.690528,29.113344,0
108,238,33,34,,109.841472,237.220672,27.768,33.273344,0
117,215,28,37,,114.100896,216.96688,38.332736,36.913344,0
44,219,29,34,,48.164896,225.465344,34.952736,45.695104,0
54,229,44,57,,48.164896,225.465344,34.952736,45.695104,0
394,206,44,99,,397.652736,214.555328,36.694528,134.530656,0
333,333,168,172,,334.854208,331.867328,162.292,168.265344,61
73,266,151,64,,74.329632,268.430656,146.163264,63.712896,71
71,94,61,62,,69.884672,95.273568,65.396448,64.140544,25
67,183,37,132,,67.031328,181.069824,43.842656,134.611776,0
54,151,19,46,,56.445792,159.55264,20.670208,32.840288,26
244,305,338,228,,247.604448,291.2,336.791104,234.635648,23
142,214,227,422,,130.666432,215.930208,261.332448,400.139584,23
194,140,233,168,,189.276672,141.871392,240.896448,166.957024,4
254,341,36,54,,249.138656,353.725632,57.967104,55.041376,3
250,355,57,48,,249.138656,353.725632,57.967104,55.041376,3
247,270,36,53,,246.66512,269.61376,37.303552,58.787872,0
233,147,20,38,,233.704224,146.260192,19.896448,33.864064,0
389,156,53,95,,388.323104,158.450656,55.354208,98.158528,0
369,325,93,184,,369.278208,320.375744,93.444,176.122752,56
28,134,29,44,,32.171776,124.019168,20.416448,20.863648,0
354,216,67,37,,354.093792,217.304256,70.694208,36.698688,60
110,263,222,302,,110.808672,262.342912,220.083552,297.942112,77
10,129,19,31,,10.403328,129.071488,20.481344,32.499168,0
308,79,107,157,,305.370208,92.540032,108.654208,185.080064,0
331,187,16,33,,331.828224,187.690048,15.866656,34.961472,40
21,138,43,176,,18.508672,142.985856,35.249344,171.803424,0
270,204,238,411,,269.980672,205.652928,230.015552,409.443424,20
81,206,167,420,,89.41712,204.392448,177.404448,408.785312,20
284,311,133,198,,289.652896,311.310688,135.589792,194.898912,20
386,180,58,368,,365.563328,193.980384,100.873344,387.016448,20
298,231,231,278,,298.444224,231.556,235.111552,289.796,45
194,85,181,151,,195.263328,90.211264,181.590656,137.418528,45
90,261,178,251,,91.575328,249.062528,171.801344,223.669472,55
209,209,422,406,,216.063328,206.13216,399.873344,410.392736,60
370,213,80,137,,370.16512,213.564,82.894656,139.221472,73
195,227,22,69,,198.467776,221.862368,18.648448,61.333792,39
130,262,47,49,,140.175776,186.640896,18.050656,66.724736,39
161,289,58,20,,161.102656,289.722368,59.527104,19.907264,79
121,202,114,294,,121.777344,201.726304,116.948,294.903232,0
193,115,63,112,,192.828896,114.839712,59.111104,115.144224,0
187,327,90,178,,197.990208,326.724736,109.954208,169.198848,0
43,156,84,39,,41.51888,155.108096,83.037344,41.151968,69
148,91,35,53,,149.360224,94.76688,50.121344,61.216064,0
187,227,212,374,,189.172672,223.947776,207.39472,373.093344,23
275,339,21,31,,273.36816,338.936,20.722208,30.498208,0
22,357,31,41,,21.848736,356.674656,30.870528,42.860896,0
42,344,26,57,,39.663104,346.053344,34.553792,57.173792,0
339,345,19,42,,337.64016,346.521344,17.740736,42.64,0
318,341,24,49,,319.652736,340.635776,21.84,50.199552,0
218,191,70,51,,218.118368,191.688224,66.221792,48.561344,74
156,325,15,24,,157.287104,325.971776,9.975264,23.588448,0
230,324,9,20,,230.476896,324.307776,11.344736,19.493344,0
143,325,11,24,,143.94016,325.123552,13.078208,23.374208,0
303,332,13,30,,303.246528,332.432672,11.734528,30.244448,0
215,325,8,16,,216.268,324.116,6.292,16.458208,0
236,202,355,425,,235.378208,201.983392,360.724,403.850304,0
268,86,61,172,,268.219328,83.122208,57.388448,162.29824,0
368,197,98,136,,367.695328,193.955008,96.609344,122.09808,26
86,347,65,136,,86.40736,344.724224,55.536,126.88624,56
199,291,42,94,,198.6816,290.013152,43.79648,95.142944,56
226,318,46,117,,226.26656,317.421728,52.05824,115.680448,56
30,325,46,144,,31.14176,321.881664,46.39232,135.34352,56
357,124,117,182,,357.73504,130.87776,116.52992,175.756672,62
86,225,30,16,,85.3216,225.139616,29.2032,15.590432,56
90,304,99,158,,92.17312,312.374816,97.78496,175.694272,60
34,269,26,60,,34.48224,270.131264,23.78688,64.27408,56
232,232,113,91,,230.65536,229.549632,106.61248,80.301728,60
276,230,14,19,,279.67264,234.359008,7.84576,14.41648,49
132,244,14,37,,133.744,251.7424,12.13056,24.647584,56
260,355,53,120,,259.57568,353.51264,51.26784,124.97472,56
116.00 ,156.00 ,241.00 ,323.00 ,,117.52416,158.099552,235.048736,316.199104,5
186.00 ,187.00 ,107.00 ,147.00 ,,185.282656,188.14224,105.404,140.649184,0
137.00 ,257.00 ,88.00 ,28.00 ,,126.564672,257.31472,67.983552,26.854464,37
210.00 ,82.00 ,164.00 ,92.00 ,,218.179104,82.889248,179.516896,92.50384,4
210.00 ,173.00 ,405.00 ,270.00 ,,207.892672,194.125984,415.785344,296.041824,4
67.00 ,111.00 ,136.00 ,86.00 ,,67.271776,110.4688,132.047552,84.158048,4
342.00 ,367.00 ,37.00 ,41.00 ,,346.004672,367.564288,44.544448,38.07856,24
196.00 ,233.00 ,178.00 ,282.00 ,,197.517632,227.399328,178.333792,276.711552,0
94.00 ,237.00 ,107.00 ,83.00 ,,96.607264,238.065568,112.06,86.287552,1
360.00 ,234.00 ,73.00 ,44.00 ,,358.977632,232.589344,71.578208,42.887104,1
166.00 ,214.00 ,43.00 ,61.00 ,,164.63616,210.840448,45.352736,62.114208,2
397.00 ,244.00 ,36.00 ,52.00 ,,396.45216,245.085568,35.767264,46.052448,1
331.00 ,231.00 ,39.00 ,31.00 ,,324.085632,229.056672,45.959264,34.313344,1
144.00 ,246.00 ,260.00 ,327.00 ,,145.6,242.448128,251.944992,322.032672,15
315.00 ,300.00 ,153.00 ,205.00 ,,317.938816,294.930272,165.47648,202.162272,15
341.00 ,133.00 ,152.00 ,131.00 ,,338.188864,133.6608,155.622688,133.383328,0
299.00 ,147.00 ,257.00 ,219.00 ,,288.473536,144.099072,255.052928,245.308128,62
221.00 ,198.00 ,103.00 ,195.00 ,,223.768896,200.395104,102.660896,184.296736,15
216.00 ,312.00 ,412.00 ,215.00 ,,229.784672,335.421632,372.430656,150.843264,17
144.00 ,264.00 ,205.00 ,229.00 ,,141.479104,261.826656,216.276736,227.227104,0
266.00 ,213.00 ,33.00 ,16.00 ,,265.295264,213.612672,35.186528,17.530656,29
250.00 ,179.00 ,31.00 ,177.00 ,,250.334656,177.76304,26.584896,168.23664,0
241.00 ,226.00 ,148.00 ,183.00 ,,239.330208,222.371552,147.861792,172.287648,17
123.00 ,254.00 ,8.00 ,27.00 ,,122.589792,253.651424,7.448896,29.570944,0
132.00 ,253.00 ,8.00 ,31.00 ,,131.306656,253.576128,8.866208,30.423328,0
205.00 ,168.00 ,343.00 ,223.00 ,,199.676672,166.111712,317.882656,218.750688,4
231.00 ,262.00 ,12.00 ,38.00 ,,241.007104,263.984448,12.908896,40.898208,0
220.00 ,262.00 ,13.00 ,44.00 ,,220.50288,260.881088,13.786656,45.634784,0
26.00 ,253.00 ,13.00 ,31.00 ,,26.448448,252.298176,12.428,32.912256,0
242.00 ,263.00 ,12.00 ,41.00 ,,252.011552,264.590144,10.023104,40.205152,0
151.00 ,255.00 ,11.00 ,35.00 ,,152.372896,256.077952,8.696896,34.775104,0
252.00 ,265.00 ,10.00 ,39.00 ,,252.011552,264.590144,10.023104,40.205152,0
261.00 ,265.00 ,10.00 ,39.00 ,,260.474656,265.325216,8.515104,39.887744,0
21.00 ,252.00 ,10.00 ,31.00 ,,19.691776,251.15376,7.650656,31.993728,0
298.00 ,271.00 ,10.00 ,32.00 ,,299.347776,268.670688,10.978656,37.155872,0
368.00 ,240.00 ,97.00 ,300.00 ,,368.907552,235.811264,94.184896,289.796,72
243.00 ,183.00 ,52.00 ,123.00 ,,242.443552,182.892736,52.728,120.882528,69
284.00 ,155.00 ,9.00 ,21.00 ,,285.91888,154.535264,8.235552,23.729472,40
276.00 ,155.00 ,10.00 ,22.00 ,,275.288,154.067264,9.593792,25.012,40
277.00 ,318.00 ,90.00 ,160.00 ,,278.130528,316.44288,85.470112,161.726656,0
200.00 ,186.00 ,25.00 ,34.00 ,,199.831008,185.851328,26.52832,35.236448,33
307.00 ,249.00 ,105.00 ,307.00 ,,302.415776,246.79616,118.723072,312.237952,0
223.00 ,366.00 ,61.00 ,71.00 ,,221.309088,366.548832,65.404352,71.195904,16
253.00 ,140.00 ,27.00 ,55.00 ,,253.039488,133.765632,25.408448,66.655264,58
223.00 ,367.00 ,61.00 ,74.00 ,,221.309088,366.548832,65.404352,71.195904,16
379.00 ,175.00 ,47.00 ,12.00 ,,379.161536,175.263712,47.139872,9.910784,71
39.00 ,213.00 ,50.00 ,389.00 ,,31.78448,209.400256,41.137824,392.630784,72
326.00 ,54.00 ,36.00 ,13.00 ,,329.683328,54.603328,37.555648,11.773216,45
365.00 ,185.00 ,11.00 ,22.00 ,,364.88192,185.781856,11.46496,20.210528,74
344.00 ,185.00 ,11.00 ,23.00 ,,344.656,184.163616,12.86272,22.62416,74
295.00 ,365.00 ,26.00 ,19.00 ,,295.2976,364.5616,24.63552,16.806816,5
234.00 ,395.00 ,15.00 ,9.00 ,,234.94016,395.561504,11.21536,6.885216,2
211.00 ,403.00 ,12.00 ,9.00 ,,211.35296,403.153088,10.69952,6.829472,2
73.00 ,363.00 ,84.00 ,99.00 ,,72.208448,363.028224,83.148,94.416608,38
185.00 ,278.00 ,175.00 ,294.00 ,,183.647776,275.760576,162.545344,271.537344,0
290.00 ,210.00 ,47.00 ,86.00 ,,290.536896,210.2464,47.008,80.971904,0
103.00 ,284.00 ,22.00 ,44.00 ,,103.317344,283.841376,21.944,43.217408,18
85.00 ,279.00 ,24.00 ,40.00 ,,83.235776,276.478176,20.572448,46.928128,18
164.00 ,290.00 ,23.00 ,44.00 ,,164.384896,290.72368,22.906208,41.294656,18
204.00 ,291.00 ,23.00 ,45.00 ,,204.509344,290.782336,21.553792,45.903936,18
123.00 ,284.00 ,23.00 ,47.00 ,,120.308448,282.013056,14.066208,49.659584,18
357.00 ,301.00 ,27.00 ,36.00 ,,356.759104,300.723904,26.299104,35.005152,16
231.00 ,286.00 ,24.00 ,46.00 ,,230.171552,288.104544,23.504,47.520928,18
144.00 ,289.00 ,21.00 ,45.00 ,,144.147328,290.031872,19.688448,46.164352,18
245.00 ,285.00 ,18.00 ,48.00 ,,243.974432,278.74704,18.245344,32.148064,18
189.00 ,289.00 ,14.00 ,43.00 ,,190.40112,286.541216,17.439552,50.414208,18
178.00 ,286.00 ,19.00 ,51.00 ,,173.624672,256.549696,7.715552,7.214688,18
210.00 ,275.00 ,305.00 ,95.00 ,,200.524896,276.734432,302.249792,59.300384,18
357.00 ,301.00 ,27.00 ,36.00 ,,356.479552,300.521728,27.416896,35.876672,18
355.00 ,99.00 ,117.00 ,205.00 ,,356.17088,99.094528,117.786656,196.317472,41
152.00 ,131.00 ,114.00 ,125.00 ,,159.230656,139.689472,114.776896,154.110528,48
75.00 ,200.00 ,154.00 ,101.00 ,,75.978656,198.964896,150.344896,100.229792,48
260.00 ,191.00 ,39.00 ,51.00 ,,261.06288,192.122528,36.159552,50.630528,41
259.00 ,191.00 ,39.00 ,49.00 ,,261.06288,192.122528,36.159552,50.630528,41
248.00 ,210.00 ,60.00 ,168.00 ,,249.392,209.872,60.567104,166.452,0
298.00 ,250.00 ,92.00 ,182.00 ,,303.628,254.245472,131.936896,192.434528,0
103.00 ,187.00 ,40.00 ,60.00 ,,99.219328,187.321472,36.887552,60.008,0
301.00 ,338.00 ,129.00 ,20.00 ,,300.468896,337.908896,130.572,18.520736,30
260.00 ,294.00 ,100.00 ,18.00 ,,256.551776,292.49584,98.429344,18.867264,30
263.00 ,236.00 ,236.00 ,364.00 ,,261.82416,230.892896,228.323264,359.228896,72
23.00 ,268.00 ,45.00 ,44.00 ,,24.28816,264.013568,46.427264,23.835552,71
231.00 ,156.00 ,95.00 ,193.00 ,,230.535552,162.907264,98.124,208.808704,0
151.00 ,277.00 ,131.00 ,44.00 ,,150.211776,276.08464,135.284448,46.968064,37
102.00 ,286.00 ,69.00 ,48.00 ,,101.1504,285.74208,70.05024,46.0928,47
54.00 ,325.00 ,83.00 ,76.00 ,,50.72496,321.88832,85.632352,77.4176,47
144.00 ,68.00 ,100.00 ,117.00 ,,141.933376,75.09632,103.788672,132.90368,0
148.00 ,219.00 ,275.00 ,394.00 ,,162.311552,218.751104,236.275104,381.411264,0
61.00 ,367.00 ,41.00 ,96.00 ,,59.764224,366.413632,45.025344,98.947264,39
212.00 ,342.00 ,419.00 ,141.00 ,,209.74512,321.121632,412.509344,182.320736,8
277.00 ,143.00 ,17.00 ,10.00 ,,278.420896,144.061632,10.998208,6.196736,8
216.00 ,243.00 ,160.00 ,234.00 ,,220.159264,244.68288,170.17104,230.821344,0
180.00 ,45.00 ,102.00 ,91.00 ,,177.533824,47.518432,114.623392,89.745344,0
262.00 ,51.00 ,114.00 ,103.00 ,,260.728832,50.241568,135.569408,100.483552,0
287.00 ,154.00 ,9.00 ,67.00 ,,285.990432,152.821344,9.233536,65.988,38
190.00 ,12.00 ,18.00 ,25.00 ,,189.085728,11.537344,13.821184,23.075104,27
155.00 ,196.00 ,307.00 ,174.00 ,,156.253344,194.94176,312.507104,182.816608,4
77.00 ,151.00 ,142.00 ,78.00 ,,81.272672,155.411776,133.789344,56.091776,4
274.00 ,182.00 ,11.00 ,7.00 ,,274.48512,180.449568,8.521344,8.251776,2
291.00 ,182.00 ,14.00 ,6.00 ,,286.864448,181.271168,7.150208,6.881472,2
305.00 ,184.00 ,12.00 ,8.00 ,,294.03712,180.925888,7.195552,7.104864,2
332.00 ,185.00 ,16.00 ,12.00 ,,314.125344,185.10544,5.564,6.346912,2
216.00 ,146.00 ,212.00 ,298.00 ,,217.698208,153.781472,218.048896,303.818528,0
286.00 ,105.00 ,111.00 ,212.00 ,,287.131104,98.38816,103.804896,196.776736,0
399.00 ,78.00 ,34.00 ,151.00 ,,399.899552,70.160896,30.875104,128.084736,0
394.00 ,151.00 ,31.00 ,38.00 ,,395.609344,149.928896,29.796,39.996736,0
331.00 ,202.00 ,31.00 ,71.00 ,,336.764896,226.264896,41.144896,83.503264,43
82.00 ,150.00 ,59.00 ,147.00 ,,81.838432,148.28736,57.687552,150.391904,0
358.00 ,138.00 ,37.00 ,164.00 ,,357.84112,141.950432,35.678656,166.293088,0
228.00 ,207.00 ,177.00 ,370.00 ,,230.632896,206.921312,178.736896,379.357056,0
133.00 ,355.00 ,35.00 ,78.00 ,,131.283776,356.17088,37.511552,78.524992,36
10.00 ,170.00 ,20.00 ,120.00 ,,12.863552,170.277952,25.727104,120.445728,0
389.00 ,178.00 ,43.00 ,95.00 ,,389.515776,178.753536,40.839552,94.085888,0
133.00 ,188.00 ,21.00 ,31.00 ,,132.262208,188.064864,23.14,30.7528,0
313.00 ,207.00 ,24.00 ,45.00 ,,312.832,206.692512,24.284,44.467488,24
28.00 ,211.00 ,7.00 ,32.00 ,,27.517568,210.721472,9.197344,31.180448,39
55.00 ,211.00 ,8.00 ,28.00 ,,54.223104,210.862496,6.695104,25.300288,39
46.00 ,211.00 ,8.00 ,29.00 ,,46.036224,209.462656,7.962656,28.682784,39
409.00 ,169.00 ,15.00 ,105.00 ,,408.122208,153.78896,15.756,77.202944,0
206.00 ,56.00 ,57.00 ,112.00 ,,204.892896,51.693824,56.549792,103.290304,0
74.00 ,207.00 ,10.00 ,31.00 ,,74.249344,208.04368,8.775104,28.799264,39
83.00 ,207.00 ,10.00 ,29.00 ,,81.9,206.891776,8.58,27.642784,39
182.00 ,153.00 ,16.00 ,80.00 ,,180.436672,154.692512,16.139552,84.006624,36
190.00 ,294.00 ,173.00 ,181.00 ,,193.556896,297.435008,165.555104,196.365728,19
55.00 ,221.00 ,108.00 ,149.00 ,,54.476448,221.612352,105.052896,146.795584,19
342.00 ,291.00 ,99.00 ,240.00 ,,342.927104,288.250144,96.707104,237.829696,19
243.00 ,212.00 ,119.00 ,121.00 ,,241.536672,215.275008,111.455552,124.71264,19
191.00 ,175.00 ,19.00 ,55.00 ,,191.057568,174.938816,18.323552,57.491616,0
377.00 ,211.00 ,82.00 ,97.00 ,,377.129792,196.491776,77.74,65.685152,19
290.00 ,146.00 ,86.00 ,59.00 ,,291.01488,146.299712,81.893344,58.901024,7
60.00 ,251.00 ,25.00 ,116.00 ,,60.4552,247.242112,23.0256,111.674368,0
283.00 ,285.00 ,27.00 ,53.00 ,,284.155872,285.009504,27.442272,52.02704,0
199.00 ,282.00 ,30.00 ,51.00 ,,199.926272,282.781408,32.5936,48.59296,0
173.00 ,270.00 ,23.00 ,36.00 ,,173.267328,269.731904,23.9408,35.135776,0
359.00 ,281.00 ,21.00 ,49.00 ,,353.041728,280.8312,30.527328,54.931552,0
275.00 ,314.00 ,249.00 ,58.00 ,,286.440128,313.165632,259.119328,48.610848,8
213.00 ,268.00 ,24.00 ,41.00 ,,212.4096,269.369152,27.469728,43.877184,0
114.00 ,171.00 ,93.00 ,82.00 ,,119.644928,163.360704,83.1376,70.110144,8
186.00 ,294.00 ,192.00 ,42.00 ,,186.7112,292.634368,176.058272,39.197184,8
313.00 ,374.00 ,201.00 ,85.00 ,,313.5496,373.933664,204.9008,74.790144,8
186.00 ,180.00 ,13.00 ,12.00 ,,184.218528,179.032256,15.752672,15.062112,8
242.00 ,55.00 ,32.00 ,98.00 ,,242.82336,56.088032,31.7408,98.597408,39
269.00 ,184.00 ,109.00 ,194.00 ,,265.95712,182.879424,114.653344,185.933696,0
21.00 ,170.00 ,41.00 ,295.00 ,,19.734208,169.731744,39.468,274.209312,0
292.00 ,254.00 ,63.00 ,68.00 ,,290.767776,254.880288,60.209344,61.6304,36
25.00 ,312.00 ,44.00 ,28.00 ,,22.262656,307.362432,44.524896,26.694304,36
170.00 ,204.00 ,213.00 ,372.00 ,,169.757952,201.097312,210.800512,361.899616,10
279.00 ,262.00 ,84.00 ,60.00 ,,279.112288,261.342432,82.316832,60.365344,74
136.00 ,267.00 ,65.00 ,64.00 ,,137.530016,266.916,66.452256,65.156,74
295.00 ,321.00 ,119.00 ,59.00 ,,297.742016,321.818432,116.29488,57.960448,22
217.00 ,318.00 ,124.00 ,54.00 ,,218.945376,317.037344,114.268544,51.311104,22
178.00 ,193.00 ,68.00 ,47.00 ,,175.63104,189.231328,67.602496,46.221344,74
318.00 ,204.00 ,27.00 ,44.00 ,,317.431296,201.711328,27.931488,49.042656,74
107.00 ,150.00 ,211.00 ,235.00 ,,107.490656,150.388576,211.256032,239.179616,45
66.00 ,295.00 ,132.00 ,169.00 ,,67.311296,299.812448,132.746016,162.117696,44
318.00 ,269.00 ,196.00 ,175.00 ,,320.473088,270.658336,191.05424,179.750272,48
332.00 ,181.00 ,163.00 ,190.00 ,,333.826272,186.941664,164.34704,188.994624,48
211.00 ,210.00 ,411.00 ,407.00 ,,208,206.596416,416,409.45424,60
183.00 ,33.00 ,122.00 ,66.00 ,,186.448704,24.83104,101.192832,46.847424,41
107.00 ,151.00 ,211.00 ,231.00 ,,107.490656,150.388576,211.256032,239.179616,45
208.00 ,204.00 ,379.00 ,380.00 ,,208.399776,204.92784,415.200448,409.855264,50
207.00 ,249.00 ,278.00 ,261.00 ,,206.287328,268.198528,277.491552,240.794528,60
105.00 ,209.00 ,105.00 ,54.00 ,,105.056224,209.872,110.324448,55.276,2
403.00 ,157.00 ,26.00 ,33.00 ,,402.61312,156.792896,25.070656,30.809792,2
202.00 ,195.00 ,96.00 ,121.00 ,,204.087104,191.849632,101.308896,123.335264,50
315.00 ,173.00 ,71.00 ,43.00 ,,314.756,173.459104,71.552,43.896736,7
212.00 ,122.00 ,8.00 ,22.00 ,,210.944448,121.771104,7.215104,20.080736,9
220.00 ,122.00 ,6.00 ,22.00 ,,219.791104,121.957472,7.176,21.424,9
188.00 ,245.00 ,322.00 ,325.00 ,,184.39616,243.5264,329.52192,315.039712,55
393.00 ,248.00 ,46.00 ,69.00 ,,390.51584,247.75296,50.96832,67.746848,56
207.00 ,362.00 ,413.00 ,107.00 ,,208,344.952608,416,132.75392,60
335.00 ,13.00 ,20.00 ,28.00 ,,334.94656,12.285728,17.5552,24.216608,74
363.00 ,248.00 ,42.00 ,67.00 ,,368.42208,226.42048,47.14944,23.706592,56
235.00 ,207.00 ,345.00 ,257.00 ,,234.175552,204.72816,346.359104,269.229792,7
281.00 ,123.00 ,17.00 ,49.00 ,,275.453568,123.643104,15.996448,48.108736,9
406.00 ,249.00 ,21.00 ,59.00 ,,405.008448,236.86416,21.983104,69.272736,2
121.00 ,143.00 ,31.00 ,31.00 ,,120.315104,144.3,42.405792,31.078528,0
398.00 ,165.00 ,36.00 ,96.00 ,,399.990656,154.712896,31.551104,66.377792,5
411.00 ,194.00 ,10.00 ,17.00 ,,405.008448,236.86416,21.983104,69.272736,2
203.00 ,247.00 ,213.00 ,106.00 ,,202.925632,244.179104,211.839264,110.265792,68
209.00 ,347.00 ,235.00 ,141.00 ,,209.473472,336.690432,221.693472,158.619552,72
275.00 ,40.00 ,30.00 ,73.00 ,,277.927104,38.765792,35.784736,72.461792,39
221.00 ,56.00 ,22.00 ,39.00 ,,220.822368,54.349568,29.475264,38.096448,39
177.00 ,265.00 ,79.00 ,230.00 ,,176.46512,261.117792,85.130656,235.525472,0
184.00 ,171.00 ,46.00 ,33.00 ,,183.784224,172.146208,46.312448,33.730528,38
221.00 ,215.00 ,232.00 ,249.00 ,,220.853568,213.607264,248.202656,251.472,53
220.00 ,215.00 ,253.00 ,265.00 ,,220.853568,213.607264,248.202656,251.472,53
114.00 ,180.00 ,128.00 ,87.00 ,,117.269568,176.897344,139.847552,83.579808,37
134.00 ,174.00 ,77.00 ,208.00 ,,141.267776,179.669152,67.983552,223.431936,0
54.00 ,171.00 ,109.00 ,192.00 ,,54.10912,170.988896,108.218656,196.759264,41
282.00 ,172.00 ,241.00 ,158.00 ,,281.420672,175.478368,239.440448,160.688736,45
147.00 ,141.00 ,60.00 ,62.00 ,,145.47312,141.18416,61.366656,60.138208,41
147.00 ,141.00 ,60.00 ,62.00 ,,145.83712,140.690368,58.649344,61.750208,45
154.00 ,263.00 ,162.00 ,70.00 ,,153.22528,265.382208,166.57472,56.598048,6
114.00 ,235.00 ,109.00 ,358.00 ,,116.86272,230.960704,113.7344,359.101184,0
170.00 ,229.00 ,45.00 ,75.00 ,,170.36864,231.569312,46.30912,74.06048,29
171.00 ,274.00 ,71.00 ,125.00 ,,171.23392,245.309792,78.74048,156.701792,26
205.00 ,210.00 ,215.00 ,406.00 ,,209.907776,205.194496,221.591552,406.647904,0
208.00 ,210.00 ,169.00 ,369.00 ,,208.572,221.97968,41.275104,388.041056,27
300.00 ,236.00 ,91.00 ,230.00 ,,300.618656,240.24416,90.661792,231.287264,0
225.00 ,242.00 ,57.00 ,210.00 ,,224.695328,239.967104,56.608448,198.769792,0
142.00 ,235.00 ,68.00 ,239.00 ,,142.428,232.69584,70.642208,234.459264,0
46.00 ,178.00 ,26.00 ,87.00 ,,46.188896,178.602528,23.256896,87.862528,0
13.00 ,187.00 ,27.00 ,118.00 ,,12.82112,189.007104,25.642656,117.771264,0
180.00 ,170.00 ,17.00 ,50.00 ,,179.894208,171.513472,20.176,53.317472,0
205.00 ,173.00 ,17.00 ,44.00 ,,204.932,173.229472,15.548,43.281472,0
138.00 ,381.00 ,57.00 ,74.00 ,,137.949344,380.912896,49.828896,68.943264,30
63.00 ,166.00 ,10.00 ,41.00 ,,62.816,166.256896,11.076,38.921792,0
301.00 ,380.00 ,56.00 ,75.00 ,,302.688672,384.488,54.008448,62.798528,30
221.00 ,350.00 ,62.00 ,78.00 ,,219.225344,344.03616,49.452,82.896736,30
14.00 ,245.00 ,29.00 ,16.00 ,,19.919328,245.18,39.838656,17.004,30
43.00 ,223.00 ,34.00 ,17.00 ,,43.673344,222.520896,35.268896,15.192736,30
166.00 ,156.00 ,10.00 ,12.00 ,,166.003552,157.369472,9.632896,13.052,0
170.00 ,233.00 ,101.00 ,275.00 ,,169.650208,229.108256,95.784,261.7472,0
286.00 ,230.00 ,109.00 ,241.00 ,,284.088896,224.258112,106.820896,264.791488,0
289.00 ,295.00 ,34.00 ,118.00 ,,286.373568,301.130336,37.797344,105.448512,26
180.00 ,300.00 ,61.00 ,142.00 ,,179.617568,309.3376,63.706656,124.153952,26
368.00 ,171.00 ,97.00 ,97.00 ,,365.212224,150.782944,101.289344,90.746656,2
229.00 ,120.00 ,202.00 ,109.00 ,,221.939328,106.236416,207.057344,95.719104,2
285.00 ,221.00 ,100.00 ,253.00 ,,284.088896,224.258112,106.820896,264.791488,0
268.00 ,197.00 ,23.00 ,87.00 ,,265.908448,195.08944,25.935104,80.96816,26
185.00 ,205.00 ,11.00 ,13.00 ,,184.768896,207.84816,13.338208,17.315584,67
140.00 ,151.00 ,122.00 ,165.00 ,,139.109568,151.691904,126.197344,167.243648,16
372.00 ,106.00 ,24.00 ,28.00 ,,372.39072,105.970592,24.36928,27.173952,32
187.00 ,132.00 ,95.00 ,153.00 ,,188.30656,127.858016,91.61984,153.890048,38
80.00 ,213.00 ,159.00 ,421.00 ,,79.27296,203.681088,158.46272,76.1904,0
199.00 ,284.00 ,337.00 ,175.00 ,,207.073568,289.641248,320.586656,177.623264,4
210.00 ,164.00 ,331.00 ,264.00 ,,212.622176,161.12096,326.828736,265.56608,16
212.00 ,216.00 ,410.00 ,402.00 ,,208.699712,298.05152,414.600992,226.22912,61
172.00 ,69.00 ,273.00 ,103.00 ,,169.705536,63.56896,302.558048,102.82688,5
271.00 ,230.00 ,295.00 ,351.00 ,,265.20416,211.2032,273.52416,384.81664,1
388.00 ,357.00 ,16.00 ,38.00 ,,388.475776,355.441216,15.697344,44.113472,17
316.00 ,377.00 ,23.00 ,48.00 ,,317.684224,375.12592,24.875552,54.995616,17
369.00 ,361.00 ,21.00 ,44.00 ,,368.585568,359.4552,20.364448,45.94512,17
338.00 ,367.00 ,25.00 ,44.00 ,,340.288,347.277216,17.692896,42.418272,0
371.00 ,341.00 ,16.00 ,37.00 ,,370.344,343.531136,15.132,45.370208,0
338.00 ,348.00 ,14.00 ,45.00 ,,339.056224,365.49552,22.743552,45.906016,17
389.00 ,339.00 ,13.00 ,39.00 ,,388.319776,330.529888,9.756448,21.530496,0
319.00 ,350.00 ,14.00 ,42.00 ,,317.684224,375.12592,24.875552,54.995616,17
228.00 ,218.00 ,53.00 ,110.00 ,,227.542432,215.915648,52.201344,105.227616,0
212.00 ,281.00 ,95.00 ,26.00 ,,199.185792,280.0304,70.031104,23.897952,37
327.00 ,282.00 ,12.00 ,8.00 ,,326.5496,282.448192,8.462688,7.293728,18
286.00 ,268.00 ,14.00 ,8.00 ,,284.453728,268.126144,9.74064,8.326656,18
156.00 ,261.00 ,13.00 ,8.00 ,,156.645632,261.304992,11.106784,6.307808,18
296.00 ,281.00 ,13.00 ,9.00 ,,296.104224,280.847424,10.801024,8.70064,18
268.00 ,267.00 ,6.00 ,7.00 ,,263.728192,241.535008,4.968704,5.159232,18
106.00 ,246.00 ,13.00 ,9.00 ,,105.434368,247.550784,6.008704,5.526144,18
245.00 ,234.00 ,6.00 ,6.00 ,,244.926656,234.319488,6.36896,5.138848,18
143.00 ,247.00 ,8.00 ,6.00 ,,161.155904,249.559232,6.16512,4.935008,18
377.00 ,251.00 ,8.00 ,7.00 ,,357.348576,244.70576,6.708832,8.592064,18
195.00 ,237.00 ,7.00 ,6.00 ,,194.48,236.769728,6.661408,4.79232,18
95.00 ,234.00 ,7.00 ,7.00 ,,90.55488,250.483584,8.90448,6.960512,18
264.00 ,241.00 ,5.00 ,7.00 ,,263.728192,241.535008,4.968704,5.159232,18
357.00 ,245.00 ,4.00 ,5.00 ,,357.348576,244.70576,6.708832,8.592064,18
90.00 ,250.00 ,10.00 ,7.00 ,,90.55488,250.483584,8.90448,6.960512,18
145.00 ,350.00 ,25.00 ,82.00 ,,147.76112,349.96,24.043552,83.165472,0
254.00 ,347.00 ,40.00 ,111.00 ,,255.762208,348.625472,45.019104,110.621472,0
148.00 ,387.00 ,72.00 ,24.00 ,,154.35888,389.146368,65.825344,19.473792,30
247.00 ,328.00 ,24.00 ,43.00 ,,244.354656,330.156736,21.84,48.533472,24
255.00 ,399.00 ,91.00 ,23.00 ,,257.556,398.78384,92.131104,18.607264,30
137.00 ,331.00 ,12.00 ,30.00 ,,138.947328,331.365632,16.282656,26.875264,24
132.00 ,207.00 ,220.00 ,232.00 ,,136.412224,207.644736,230.847552,232.249472,76
374.00 ,328.00 ,16.00 ,105.00 ,,375.58144,330.73872,9.63456,106.461056,73
283.00 ,317.00 ,14.00 ,90.00 ,,282.61792,317.802784,13.70304,91.882336,73
359.00 ,327.00 ,16.00 ,103.00 ,,359.56128,330.270304,10.95744,104.424736,73
231.00 ,183.00 ,226.00 ,243.00 ,,232.323104,182.084448,221.416,254.124,16
241.00 ,152.00 ,277.00 ,318.00 ,,246.103104,124.172672,269.867104,247.448448,56
210.00 ,329.00 ,416.00 ,169.00 ,,213.417568,291.95712,405.164448,112.664448,56
356.00 ,65.00 ,103.00 ,134.00 ,,353.87872,65.799968,94.12416,129.381408,41
98.00 ,22.00 ,61.00 ,44.00 ,,99.26176,22.88,60.66112,45.76,41
181.00 ,21.00 ,62.00 ,42.00 ,,183.40608,20.855328,54.76224,41.711072,41
72.00 ,77.00 ,62.00 ,31.00 ,,71.74752,80.3712,55.35296,27.178528,42
182.00 ,21.00 ,64.00 ,43.00 ,,183.40608,20.855328,54.76224,41.711072,41
131.00 ,35.00 ,35.00 ,31.00 ,,126.31008,35.365408,48.86336,35.454432,42
70.00 ,59.00 ,86.00 ,36.00 ,,71.74752,80.3712,55.35296,27.178528,42
114.00 ,230.00 ,214.00 ,361.00 ,,111.981792,232.1488,219.427104,346.822112,0
314.00 ,61.00 ,65.00 ,101.00 ,,311.87312,66.39152,56.452448,105.895296,16
229.00 ,146.00 ,112.00 ,252.00 ,,223.10912,144.96976,125.157344,254.635264,16
183.00 ,104.00 ,39.00 ,45.00 ,,179.868,103.558208,32.460896,45.776224,45
164.00 ,183.00 ,223.00 ,373.00 ,,160.205344,200.581472,216.644896,399.169472,72
164.00 ,198.00 ,216.00 ,390.00 ,,160.205344,200.581472,216.644896,399.169472,72
228.00 ,228.00 ,288.00 ,195.00 ,,224.724448,220.152192,301.704,202.861152,6
402.00 ,199.00 ,28.00 ,24.00 ,,401.969568,200.409248,28.060448,23.638784,6
229.00 ,229.00 ,267.00 ,289.00 ,,227.123104,223.892864,267.566208,286.991328,5
30.00 ,295.00 ,61.00 ,76.00 ,,30.96288,293.289568,57.167552,78.727584,2
381.00 ,306.00 ,61.00 ,106.00 ,,381.608448,305.813664,59.475104,102.642592,2
77.00 ,274.00 ,35.00 ,64.00 ,,77.112672,273.6032,35.132448,64.411776,2
407.00 ,309.00 ,19.00 ,65.00 ,,407.218656,310.964992,17.563104,72.3216,2
55.00 ,263.00 ,17.00 ,29.00 ,,55.61088,262.959008,17.010656,27.694368,2
389.00 ,283.00 ,11.00 ,19.00 ,,393.123328,280.067424,8.001344,18.04608,0
306.00 ,218.00 ,35.00 ,42.00 ,,304.573568,214.869824,21.326656,38.504544,0
394.00 ,282.00 ,7.00 ,18.00 ,,393.123328,280.067424,8.001344,18.04608,0
180.00 ,246.00 ,81.00 ,317.00 ,,179.669568,215.326176,86.586656,253.339008,0
146.00 ,233.00 ,26.00 ,55.00 ,,143.38688,234.319904,27.436448,62.661248,26
265.00 ,183.00 ,125.00 ,144.00 ,,264.481568,184.16528,134.413344,146.437824,21
152.00 ,250.00 ,83.00 ,134.00 ,,150.624448,251.65088,82.952896,137.416448,21
237.00 ,213.00 ,229.00 ,129.00 ,,238.224896,216.788,231.079264,133.835104,5
386.00 ,207.00 ,61.00 ,267.00 ,,386.862528,212.673344,58.274528,260.819104,5
251.00 ,198.00 ,35.00 ,43.00 ,,252.98,188.698432,23.538528,18.414656,0
259.00 ,235.00 ,33.00 ,68.00 ,,259.54656,236.85376,32.50624,61.16864,0
268.00 ,122.00 ,19.00 ,44.00 ,,272.28448,121.593888,10.22528,42.73152,0
208.00 ,208.00 ,406.00 ,438.00 ,,201.76,207.445472,403.52,414.890528,0
230.00 ,106.00 ,13.00 ,33.00 ,,230.78432,108.20992,13.08736,37.728288,0
166.00 ,399.00 ,20.00 ,33.00 ,,165.57216,398.217248,18.56192,31.394272,0
253.00 ,213.00 ,13.00 ,15.00 ,,258.11968,208.943072,8.4864,11.670048,38
258.00 ,211.00 ,8.00 ,13.00 ,,258.11968,208.943072,8.4864,11.670048,38
100.00 ,407.00 ,28.00 ,18.00 ,,111.08864,406.848,15.5584,18.304,0
361.00 ,307.00 ,71.00 ,151.00 ,,362.687104,306.334912,62.998208,147.704544,56
195.00 ,299.00 ,201.00 ,226.00 ,,192.724896,296.650848,198.340896,223.422368,59
187.00 ,235.00 ,159.00 ,256.00 ,,185.285568,234.235456,160.764448,253.916832,0
123.00 ,365.00 ,35.00 ,27.00 ,,122.781568,365.692288,31.960448,26.873184,36
77.00 ,233.00 ,143.00 ,156.00 ,,79.569568,232.284,146.581344,157.282528,22
316.00 ,220.00 ,70.00 ,186.00 ,,316.455776,212.861792,70.505344,192.330528,14
246.00 ,151.00 ,73.00 ,135.00 ,,247.396448,159.575104,51.388896,117.511264,51
306.00 ,313.00 ,67.00 ,141.00 ,,302.935776,307.016736,69.608448,137.782528,51
310.00 ,371.00 ,36.00 ,75.00 ,,313.735552,369.76784,42.484,80.262208,51
281.00 ,333.00 ,31.00 ,171.00 ,,278.554432,336.583104,22.145344,158.833792,51
262.00 ,332.00 ,19.00 ,165.00 ,,261.868672,333.58,11.914656,155.185472,51
249.00 ,110.00 ,62.00 ,108.00 ,,244.357568,113.93616,53.761344,109.624736,51
184.00 ,140.00 ,66.00 ,50.00 ,,180.771552,140.23984,76.7,53.083264,33
142.00 ,298.00 ,17.00 ,23.00 ,,141.966656,296.629632,17.511104,25.159264,32
244.00 ,118.00 ,7.00 ,9.00 ,,244.107552,119.196896,6.227104,8.935264,33
40.00 ,397.00 ,33.00 ,38.00 ,,42.835104,397.176,31.850208,36.816,0
329.00 ,5.00 ,9.00 ,7.00 ,,328.978208,5.035264,12.596896,6.482528,33
209.00 ,307.00 ,443.00 ,223.00 ,,208,279.5,414.7,271.266528,0
207.00 ,209.00 ,418.00 ,361.00 ,,208.234208,204.760192,415.532,409.520384,60
170.00 ,212.00 ,140.00 ,174.00 ,,172.744416,199.936672,43.916288,6.935552,79
299.00 ,268.00 ,234.00 ,298.00 ,,298.543648,262.232672,234.912704,293.923552,0
157.00 ,242.00 ,137.00 ,113.00 ,,158.590432,244.990304,128.758656,127.13168,13
303.00 ,237.00 ,228.00 ,355.00 ,,302.526432,235.958528,213.375552,359.805472,0
141.00 ,211.00 ,236.00 ,405.00 ,,141.628448,221.15184,231.373792,369.260736,0
219.00 ,219.00 ,67.00 ,73.00 ,,216.293792,220.623104,62.4,74.784736,54
300.00 ,209.00 ,225.00 ,402.00 ,,387.487776,205.66416,57.024448,409.456736,72
279.00 ,310.00 ,211.00 ,143.00 ,,281.98976,312.32448,219.63136,146.11584,45
244.00 ,171.00 ,131.00 ,86.00 ,,245.85184,171.22144,134.95872,83.47456,45
105.00 ,323.00 ,110.00 ,132.00 ,,107.41536,324.57152,109.33312,127.67872,41
174.00 ,122.00 ,77.00 ,116.00 ,,170.410656,122.486208,78.26,116.076896,36
243.00 ,87.00 ,191.00 ,152.00 ,,245.280672,96.515328,180.693344,167.745344,0
69.00 ,45.00 ,40.00 ,93.00 ,,69.179552,44.872672,41.132,87.873344,0
127.00 ,53.00 ,47.00 ,105.00 ,,127.289344,50.235328,49.127104,100.405344,0
295.00 ,153.00 ,76.00 ,146.00 ,,290.735328,156.116896,67.307552,149.578208,0
396.00 ,57.00 ,43.00 ,111.00 ,,393.935776,58.88688,44.128448,114.068448,0
350.00 ,76.00 ,51.00 ,75.00 ,,351.80288,78.718432,48.717344,70.440448,0
301.00 ,222.00 ,36.00 ,11.00 ,,302.646656,220.928448,36.374208,12.727104,36
222.00 ,11.00 ,23.00 ,22.00 ,,225.377568,11.124672,30.166656,22.249344,0
186.00 ,56.00 ,233.00 ,114.00 ,,182.601952,71.04864,258.01984,110.31488,45
221.00 ,272.00 ,261.00 ,187.00 ,,218.74944,270.63296,270.477792,186.0352,48
207.00 ,199.00 ,407.00 ,392.00 ,,209.869088,205.89504,412.261408,411.32416,60
172.00 ,214.00 ,339.00 ,389.00 ,,175.02992,212.673344,328.846336,397.306208,0
369.00 ,286.00 ,94.00 ,133.00 ,,372.154016,287.576224,87.691968,140.198656,0
26.00 ,262.00 ,52.00 ,212.00 ,,24.417952,259.847328,48.835904,206.979552,0
407.00 ,245.00 ,20.00 ,87.00 ,,406.001856,247.620672,19.995872,82.387552,0
155.00 ,238.00 ,80.00 ,109.00 ,,154.709568,239.98,77.551552,113.325472,56
347.00 ,221.00 ,88.00 ,128.00 ,,348.06512,221.507104,89.953344,129.662208,56
165.00 ,188.00 ,71.00 ,83.00 ,,166.032672,189.765472,77.031552,85.696,56
266.00 ,194.00 ,9.00 ,43.00 ,,266.171776,194.757472,8.417344,39.572,39
275.00 ,183.00 ,128.00 ,81.00 ,,279.123104,183.066208,120.028896,84.621472,57
166.00 ,155.00 ,29.00 ,30.00 ,,164.063328,154.43584,31.557344,32.335264,62
246.00 ,227.00 ,96.00 ,63.00 ,,246.834432,229.363264,95.530656,57.962528,60
223.00 ,286.00 ,24.00 ,93.00 ,,223.7872,289.072992,23.1712,83.51824,36
233.00 ,232.00 ,50.00 ,195.00 ,,233.84192,233.572768,47.19104,203.16816,0
82.00 ,232.00 ,50.00 ,209.00 ,,83.1376,228.758816,50.39424,203.20352,0
116.00 ,250.00 ,54.00 ,178.00 ,,113.33504,249.735616,64.94592,186.162912,0
328.00 ,243.00 ,80.00 ,242.00 ,,325.04576,245.86432,82.50112,241.185568,0
162.00 ,281.00 ,29.00 ,87.00 ,,160.33472,277.954144,29.13664,85.015008,36
78.00 ,286.00 ,25.00 ,87.00 ,,77.29696,286.692224,26.14976,86.016736,36
313.00 ,337.00 ,62.00 ,62.00 ,,312.8112,338.692224,58.864,56.071808,36
159.00 ,228.00 ,39.00 ,197.00 ,,159.26976,221.46384,36.14208,180.317696,0
190.00 ,227.00 ,46.00 ,209.00 ,,192.91168,223.284672,43.10592,205.996544,0
121.00 ,290.00 ,22.00 ,61.00 ,,120.03264,289.921216,20.7168,68.787264,36
185.00 ,285.00 ,20.00 ,84.00 ,,182.6864,287.228448,26.39936,85.274176,36
283.00 ,229.00 ,67.00 ,188.00 ,,283.26272,220.179648,69.92128,179.37504,0
276.00 ,329.00 ,40.00 ,45.00 ,,274.85536,330.172128,51.0432,45.30032,36
271.00 ,230.00 ,173.00 ,345.00 ,,281.362432,231.353408,180.771552,352.713504,0
96.00 ,149.00 ,19.00 ,43.00 ,,97.701344,148.57648,20.708896,44.34976,0
109.00 ,210.00 ,37.00 ,92.00 ,,108.686656,209.33952,36.114208,92.426464,56
239.00 ,246.00 ,172.00 ,243.00 ,,218.981568,251.936672,135.128448,260.820768,56
176.00 ,229.00 ,203.00 ,357.00 ,,179.829728,231.981568,198.83552,350.083552,0
251.00 ,344.00 ,107.00 ,122.00 ,,251.649216,341.630432,107.684928,115.771552,28
306.00 ,136.00 ,220.00 ,106.00 ,,305.14016,148.203328,221.720096,71.532448,5
106.00 ,182.00 ,135.00 ,162.00 ,,103.73168,179.315552,136.330272,158.808,24
410.00 ,146.00 ,13.00 ,15.00 ,,409.896448,147.364672,12.154688,11.576448,0
238.00 ,244.00 ,374.00 ,207.00 ,,236.044224,244.45616,359.911552,217.819264,6
312.00 ,238.00 ,115.00 ,128.00 ,,311.29696,247.264992,112.17856,143.026208,63
165.00 ,221.00 ,224.00 ,378.00 ,,175.98464,223.8912,239.7824,380.468192,0
375.00 ,265.00 ,23.00 ,26.00 ,,375.83936,263.732768,18.91968,23.6288,41
269.00 ,174.00 ,41.00 ,94.00 ,,272.993344,171.006368,28.483104,89.770304,0
159.00 ,173.00 ,37.00 ,62.00 ,,158.840032,171.470208,35.8592,59.344896,61
201.00 ,260.00 ,342.00 ,158.00 ,,203.594144,252.297344,346.542976,169.376896,59
178.00 ,237.00 ,283.00 ,167.00 ,,171.29632,235.283776,312.80704,166.4,57
191.00 ,148.00 ,21.00 ,34.00 ,,192.03392,147.930016,19.90144,32.668064,56
11.00 ,203.00 ,23.00 ,123.00 ,,10.53728,212.07264,21.07456,93.818816,56
93.00 ,166.00 ,36.00 ,33.00 ,,94.3488,147.174144,12.3968,14.64112,75
171.00 ,156.00 ,27.00 ,27.00 ,,177.96896,154.363456,40.69312,29.694496,56
343.00 ,276.00 ,74.00 ,46.00 ,,343.3456,273.454272,72.60864,36.965344,45
381.00 ,114.00 ,21.00 ,16.00 ,,380.75232,112.863296,23.87008,15.503072,45
137.00 ,158.00 ,29.00 ,27.00 ,,137.26336,159.647904,31.6992,29.02016,56
36.00 ,146.00 ,11.00 ,29.00 ,,35.58464,144.188512,9.08544,30.681664,40
42.00 ,148.00 ,12.00 ,27.00 ,,40.08576,148.823168,7.62112,25.309856,40
385.00 ,196.00 ,34.00 ,15.00 ,,388.5024,202.859488,38.6048,18.70128,73
386.00 ,202.00 ,36.00 ,13.00 ,,388.5024,202.859488,38.6048,18.70128,73
400.00 ,63.00 ,12.00 ,22.00 ,,400.10464,63.893024,12.17216,18.65136,75
209.00 ,329.00 ,420.00 ,168.00 ,,211.07424,324.105184,397.072,172.146624,57
68.00 ,147.00 ,10.00 ,30.00 ,,67.9328,146.718208,10.28352,30.169568,75
101.00 ,151.00 ,194.00 ,50.00 ,,103.85856,150.184736,201.02784,43.74864,60
414.00 ,58.00 ,5.00 ,34.00 ,,400.10464,63.893024,12.17216,18.65136,75
1907.00 ,,,,,,,,,
,,,,,,,,,
,,,,,,,,,
